Id,date,platform,title,News content,Label
1,2024-11-11,AJPalestine,"""حـ.ـزب الله"": مشاهد من عملية استهداف موقع ""أفيتال"" التابع لجيش العدو","""حـ.ـزب الله"": مشاهد من عملية استهداف موقع ""أفيتال"" التابع لجيش العدو الإسرائيلي في الجولان السوري المحتل بصواريخ ""ملاك1"" #فيديو #حرب_غزة",Real
2,2024-11-03,AJPalestine,عاجل | مؤسسة التأمين الوطني الإسرائيلية,عاجل | مؤسسة التأمين الوطني الإسرائيلية: - 902 من الإسرائيليين قتلوا في عملية طوفان الأقصى والحرب التي تلتها - 900 ضابط وجندي ورجل أمن قتلوا منذ عملية طوفان الأقصى والحرب التي تلتها - مجموع القتلى الإسرائيليين من مدنيين وعسكر ورجال أمن هو 1802,Real
3,2024-11-28,Misbar,مواقع إخبارية نشرت الصورة منذ أغسطس 2020 وقالت إن قنوات موالية لهيئة تحرير الشام,مواقع إخبارية نشرت الصورة منذ أغسطس 2020 وقالت إن قنوات موالية لهيئة تحرير الشام تداولتها على أنها لزيارة إلى جبهات جبل الزاوية في إدلب لتفقد مقاتليه خلال الاشتباكات بين المعارضة السورية وقوات النظام السوري التفاصيل,Fake
4,2024-11-09,AJPalestine,لابيد: قضاء 400 يوم في الجحيم في غزة يحطم القلب وعلى الحكومة وقف العبث,لابيد: قضاء 400 يوم في الجحيم في غزة يحطم القلب وعلى الحكومة وقف العبث السياسي وبذل كل جهد لإعادة المختطفين #الجزيرة,Real
5,2025-01-01,Misbar,يوثق مقطع الفيديو المتداول إعلان الأمين العام لفصيل أبو الفضل العباس العراقي أوس,يوثق مقطع الفيديو المتداول إعلان الأمين العام لفصيل أبو الفضل العباس العراقي أوس الخفاجي فتح باب التطوع للقتال في في السادس من ديسمبر 2024 أي قبل سقوط نظام بأيام تفاصيل أوفى,Fake
6,2024-12-28,Misbar,الفيديو يعود إلى السابع من أكتوبر عام 2023 ونشرته حسابات إسرائيلية على أنه لدمار,الفيديو يعود إلى السابع من أكتوبر عام 2023 ونشرته حسابات إسرائيلية على أنه لدمار وأضرار لحقت بشوارع جراء سقوط صواريخ لكتائب القسام الذراع العسكري لحركة حماس آنذاك للمزيد من التفاصيل,Fake
7,2024-11-02,AJPalestine,"""المقاومـ.ـة الإسلامية في العراق"": إطلاق طائرات مسيرة باتجاه أهداف حيو","""المقاومـ.ـة الإسلامية في العراق"": إطلاق طائرات مسيرة باتجاه أهداف حيوية في ""إيلات"" #فيديو #حرب_غزة",Real
8,2025-01-02,Misbar,من أجل مظاهرة تضامنية مع غزة نظمتها منصة الإرادة الوطنية على جسر غلطة في العاصمة,من أجل مظاهرة تضامنية مع غزة نظمتها منصة الإرادة الوطنية على جسر غلطة في العاصمة التركية بدعم من 400 منظمة غير حكومية في الأول من يناير 2025,Fake
9,2024-11-30,AJPalestine,كيف ساهم طوفان الأقصى في إعادة القضية الفلسطينية إلى الواجهة من جديد؟,كيف ساهم طوفان الأقصى في إعادة القضية الفلسطينية إلى الواجهة من جديد؟ حلقة #المقابلة على منصات #الجزيرة ومنصة #الجزيرة360 #شاهد | https://aj360.com/ajnow,Real
10,2024-11-14,AJPalestine,الجيش الإسرائيلي يعلن عن بدء المرحلة الثانية من العملية,الجيش الإسرائيلي يعلن عن بدء المرحلة الثانية من العملية البرية في #لبنان.. ما الهدف؟ #حرب_غزة #الأخبار,Real
11,2024-11-08,Misbar,ازدواجية المعايير الإسرائيلية تتهم إسرائيل الصحفي الفلسطيني بالإرهاب لتبرر قتله,ازدواجية المعايير الإسرائيلية تتهم إسرائيل الصحفي الفلسطيني بالإرهاب لتبرر قتله لكن كيف تتصرف مع الصحفي الإسرائيلي,Fake
12,2024-11-27,AJPalestine,عاجل | حركة حماس,عاجل | حركة حماس: العدو يكثف جرائم القتل على مدينة بيت لاهيا التي تتعرض لقصف عنيف ويحكم حصاره على المدينة لليوم الـ55,Real
13,2024-12-03,Misbar,مقاطع متداولة تزعم حرق الفلسطيني من قبل المعارضة السورية في مناطق انسحب منها وحل,مقاطع متداولة تزعم حرق الفلسطيني من قبل المعارضة السورية في مناطق انسحب منها وحلفاؤه وحسابات إسرائيلية تستغل المشاهد اكتشف حقيقتها مع,Fake
14,2024-12-19,Misbar,من ادعاءات شرطة الآداب إلى مزاعم إبادة الأقليات سقوط النظام السوري وفجأة سيطرة ا,من ادعاءات شرطة الآداب إلى مزاعم إبادة الأقليات سقوط النظام السوري وفجأة سيطرة المعارضة على فتحا أبواب التضليل والمعلومات المغلوطة ما ضاعف التوتر والذعر بين السوريين كيف يمكن أن يؤثر هذا التضليل على المشهد السوري والمرحلة الانتقالية اقرأ هنا,Fake
15,2024-11-25,AJPalestine,عاجل | هيئة البث الإسرائيلية,عاجل | هيئة البث الإسرائيلية: توقعات استنادا لمعلومات استخبارية بأن #حزب_الله يستعد لإطلاق صواريخ بشكل واسع النطاق,Real
16,2024-12-06,Misbar,يهدد بحرب أوسع بعد اتهام بخرق اتفاق وقف إطلاق النار في وقت تؤكد تقارير فرنسية خر,يهدد بحرب أوسع بعد اتهام بخرق اتفاق وقف إطلاق النار في وقت تؤكد تقارير فرنسية خروقات إسرائيلية متتالية أسفرت عن مقتل لبنانيين التفاصيل كاملة في مقال,Fake
17,2024-11-26,AJPalestine,مراسل #الجزيرة: شهداء وجرحى في استهداف تجمع لمواطنين بمخيم الشاطئ غربي,مراسل #الجزيرة: شهداء وجرحى في استهداف تجمع لمواطنين بمخيم الشاطئ غربي مدينة غزة #الأخبار #حرب_غزة,Real
18,2024-11-05,AJPalestine,عاجل | غالانت بعد إقالته,عاجل | غالانت بعد إقالته: أمن دولة إسرائيل كان وسيبقى رسالتي في الحياة,Real
19,2024-11-03,AJPalestine,عاجل | واللا,عاجل | واللا: المسيرة تواصل اختراقها للمجال الجوي الإسرائيلي وتتجه جنوبا,Real
20,2024-11-22,AJPalestine,"القسـ.ـام: - ""نفذنا قبل قليل عملية مركبة ضد جنود وآليات العدو قرب مفترق برج عوض بمدينة #رفح"" - ""است","القسـ.ـام: - ""نفذنا قبل قليل عملية مركبة ضد جنود وآليات العدو قرب مفترق برج عوض بمدينة #رفح"" - ""استهدفنا دبابة ميركافا أثناء محاولة نجدة الجنود عند مفترق برج عوض بمدينة #رفح"" - ""استهدفنا جرافة عسكرية صـ.ـهيونية في #رفح ورصد مجاهدونا هبوط مروحيات للإجلاء"" #الجزيرة",Real
21,2024-12-25,Misbar,الفيديو نشر في 18 أكتوبر الفائت قبل انطلاق عملية ردع العدوان وإسقاط نظام كما لم,الفيديو نشر في 18 أكتوبر الفائت قبل انطلاق عملية ردع العدوان وإسقاط نظام كما لم ترد أي أنباء عن تحديد مهلة من أي جهة داخل أو خارجها لتسليم قسد أسلحتها للمزيد,Fake
22,2024-11-10,Misbar,بسبب هتافات معادية للعرب وحرق علم فلسطين قبل المباراة اشتعل الشغب بين مشجعي الإس,بسبب هتافات معادية للعرب وحرق علم فلسطين قبل المباراة اشتعل الشغب بين مشجعي الإسرائيلي وأفراد من الجالية العربية في العاصمة الهولندية مسبار يكشف الحقيقة وراء الادعاءات المتداولة عبر المقال التالي,Fake
23,2024-11-03,AJPalestine,"عاجل | ""المقـ.ـاومة الإسـ.ـلامية في #العراق""","عاجل | ""المقـ.ـاومة الإسـ.ـلامية في #العراق"": ""هاجمنا هدفا حيويا في الجولان المحتل بالطائرات المسيرة""",Real
24,2024-11-12,AJPalestine,الـ.قـ.سام:,الـ.قـ.سام: - أجهزنا على قوة صـ.هـ.يونية من 7 جنود بقذيفة وأسلحة رشاشة وقنابل يدوية في بيت لاهيا شمالي قطاع غزة - استهدفنا دبابة ميركافا صـ.هـ.يونية بقذيفة الياسين 105 وأجهزنا على طاقمها وغنمنا منها رشاشا غرب مخيم جباليا,Real
25,2024-11-01,Misbar,الاحتلال يكسر حصار حماس على سكان ويحرص على تأمينهم وسط تضليل إسرائيلي مكثف يكشف,الاحتلال يكسر حصار حماس على سكان ويحرص على تأمينهم وسط تضليل إسرائيلي مكثف يكشف الحقيقة وراء قسوة التهجير القسري لسكان شمال القطاع وتعريض حياتهم للخطر بشكل مباشر اكتشفوا الحقيقة,Fake
26,2024-11-12,AJPalestine,عاجل | وزارة الصحة اللبنانية,عاجل | وزارة الصحة اللبنانية: 5 شهداء وجريحان في غارة للعدو الإسرائيلي على بعلشميه في جبل #لبنان,Real
27,2024-11-02,AJPalestine,عاجل | حزب الله,عاجل | حزب الله: قصفنا بثلاث رشقات صاروخية قوة إسرائيلية مؤللة عند تلة الخازن بمحيط بلدة حولا جنوبي لنبان,Real
28,2024-11-11,AJPalestine,عاجل | القناة 13 الإسرائيلية,عاجل | القناة 13 الإسرائيلية: نتنياهو قال في اجتماع مجلس الوزراء إنه رغم فوز ترمب فهناك حاجة للمناورة مع إدارة بايدن,Real
29,2024-11-09,AJPalestine,عاجل | مراسل #الجزيرة,عاجل | مراسل #الجزيرة: 5 شهداء وعدد من المصابين في قصف إسرائيلي على فلسطينيين في حي الشجاعية شرق مدينة غزة,Real
30,2024-11-02,AJPalestine,عاجل | الجبهة الداخلية الإسرائيلية,عاجل | الجبهة الداخلية الإسرائيلية: صفارات الإنذار تدوي في سديروت ومفلاسيم بغلاف غزة,Real
31,2024-11-12,AJPalestine,عاجل | الجبهة الداخلية الإسرائيلية,عاجل | الجبهة الداخلية الإسرائيلية: إطلاق صفارات الإنذار في شلومي وراس الناقورة ونهاريا وبلدات أخرى بالجليل الغربي,Real
32,2024-11-21,AJPalestine,مشهد مؤثر لأب يودع أبناءه الذين استشهدوا جراء الغارات الجوية الإسرائيل,مشهد مؤثر لأب يودع أبناءه الذين استشهدوا جراء الغارات الجوية الإسرائيلية على مدينة غزة #حرب_غزة #فيديو,Real
33,2024-11-07,AJPalestine,عاجل | مصادر للجزيرة,عاجل | مصادر للجزيرة: قوات الاحتلال تقتحم مدينة الظاهرية جنوب الخليل بالضفة الغربية,Real
34,2024-12-03,Misbar,الصراع السوري منذ أن عاد التصعيد في ٢٧ نوفمبر من العام الجاري انتشرت العديد من ا,الصراع السوري منذ أن عاد التصعيد في ٢٧ نوفمبر من العام الجاري انتشرت العديد من المنشورات المضللة حوله اكتشف في هذا الفيديو أبرزها,Fake
35,2024-11-16,AJPalestine,عاجل | وسائل إعلام إسرائيلية,عاجل | وسائل إعلام إسرائيلية: الجيش أقر سياسة هجومية تقضي بشن غارة كل ساعتين في #لبنان,Real
36,2024-11-13,AJPalestine,عاجل | الجيش الإسرائيلي,عاجل | الجيش الإسرائيلي: - مقتل ضابط و5 جنود وإصابة 4 في جنوب #لبنان - الجنود القتلى ينتمون للكتيبة 51 التابعة للواء غولاني #الجزيرة,Real
37,2024-11-18,AJPalestine,الجيش الإسرائيلي وإصابة ثلاثة آخرين في معارك شمال القطاع,"مقتل ضابط وجندي من لواء ""كْـفير"" في الجيش الإسرائيلي وإصابة ثلاثة آخرين في معارك شمال القطاع #الأخبار #حرب_غزة",Real
38,2024-11-14,AJPalestine,عاجل | نيويورك تايمز عن رئيس الائتلاف اليهودي الجمهوري,عاجل | نيويورك تايمز عن رئيس الائتلاف اليهودي الجمهوري: فريق ترمب بشأن الشرق الأوسط فريق أحلام حقيقي #الجزيرة,Real
39,2024-11-17,AJPalestine,قصف إسرائيلي يستهدف شبان يقومون بتأمين شاحنات المساعدات التي تدخل إلى,قصف إسرائيلي يستهدف شبان يقومون بتأمين شاحنات المساعدات التي تدخل إلى جنوبي قطاع غزة #حرب_غزة #فيديو,Real
40,2024-11-16,AJPalestine,عاجل | وزير الخارجية الإيراني,عاجل | وزير الخارجية الإيراني: إذا أصدر مجلس وكالة الطاقة الذرية قرارا ضدنا فسنتخذ إجراءات مضادة تشمل برنامجنا النووي,Real
41,2024-11-04,AJPalestine,عاجل | مدير مستشفى كمال عدوان للجزيرة,عاجل | مدير مستشفى كمال عدوان للجزيرة: كل المساعدات التي تحاول منظمة الصحة العالمية إدخالها تستهدف,Real
42,2024-12-03,Misbar,المقاطعة من أجل أهل غزة وأهل غزة غير مقاطعين اضطرارية سكان لاستهلاك ما هو متاح ف,المقاطعة من أجل أهل غزة وأهل غزة غير مقاطعين اضطرارية سكان لاستهلاك ما هو متاح في الأسواق تجعلهم موضع اتهام بعدم الالتزام في حملات ما يستغل لتقويض صدقية الحملة ما حقيقة الأمر وما أحدث نتائج المقاطعة اقرأ هنا,Fake
43,2024-12-22,Misbar,كشف أن الصورة لأحد عناصر كتائب القسام الذين قضوا في السابع من أكتوبر 2023 ويدعى,كشف أن الصورة لأحد عناصر كتائب القسام الذين قضوا في السابع من أكتوبر 2023 ويدعى أحمد أبو هدة من مدينة خان يونس جنوبي قطاع اقرأ أكثر,Fake
44,2024-11-23,Misbar,تعود الصورة إلى 25 مارس عام 2019 وتوثق إطلاق مروحية إسرائيلية قنابل ضوئية على قط,تعود الصورة إلى 25 مارس عام 2019 وتوثق إطلاق مروحية إسرائيلية قنابل ضوئية على قطاع خلال غارات شنتها قوات الاحتلال على مناطق قالت إنها أهداف تابعة لحركة حماس تفاصيل أكثر,Fake
45,2024-12-27,Misbar,نفت والدة الفتاة وستة مصادر مطلعة لمسبار الأنباء المتداولة عن إصابة الشابة حنين,نفت والدة الفتاة وستة مصادر مطلعة لمسبار الأنباء المتداولة عن إصابة الشابة حنين عكاري أو مقتلها خلال تظاهرة في مدينة السورية للتفاصيل,Fake
46,2024-11-04,AJPalestine,عاجل | القناة 12 الإسرائيلية,عاجل | القناة 12 الإسرائيلية: الشاباك اعتقل ضابطا برتبة رفيعة في الجيش أثناء إجازته في إطار قضية التسريبات عاجل | واللا: جهاز الشاباك يعتقل مشتبها فيه خامسا في إطار التحقيق بقضية تسريب الوثائق من ديوان نتنياهو,Real
47,2024-11-11,AJPalestine,عاجل | مراسل #الجزيرة,عاجل | مراسل #الجزيرة: غارة إسرائيلية عنيفة على محيط المستشفى المعمداني بمدينة غزة,Real
48,2024-11-25,AJPalestine,عاجل | الناطق باسم الدفاع المدني بغزة للجزيرة,عاجل | الناطق باسم الدفاع المدني بغزة للجزيرة: القطاع يشهد ظروفا مأساوية تزداد صعوبة مع سقوط الأمطار,Real
49,2024-11-20,Misbar,هيومن رايتس ووتش تدعو إلى إدانة إسرائيل علنا باعتبار ممارساتها في جرائم حرب وجرا,هيومن رايتس ووتش تدعو إلى إدانة إسرائيل علنا باعتبار ممارساتها في جرائم حرب وجرائم ضد الإنسانية وأميركا تقول لا يمكن يكشف عددا من الجرائم التي ثبت ارتكابها من قبل إسرائيل في قطاع غزة والتي تفند المزاعم الأميركية اقرأ عبر الرابط,Fake
50,2024-11-10,AJPalestine,عاجل | تايمز أوف إسرائيل عن استطلاع لمعهد الديمقراطية ا,عاجل | تايمز أوف إسرائيل عن استطلاع لمعهد الديمقراطية الإسرائيلي: الإسرائيليون منقسمون بعمق إزاء الحرب ضد #حزب_الله,Real
51,2024-12-09,Misbar,الفيديو نشر منذ فبراير 2018 على أنه يوثق لحظة مؤثرة لأم فلسطينية تستقبل ابنها ال,الفيديو نشر منذ فبراير 2018 على أنه يوثق لحظة مؤثرة لأم فلسطينية تستقبل ابنها الذي أمضى 20 عاما في الأسر وفقا لمنصات التواصل الاجتماعي كان الابن قد دخل السجن بعمر 18 عاما وخرج منه بعمر 38 عاما اقرأ أكثر,Fake
52,2024-11-11,AJPalestine,عاجل | مراسل #الجزيرة,عاجل | مراسل #الجزيرة: 3 شهداء وعدد من المصابين في قصف إسرائيلى على منزل وسط مخيم النصيرات وسط قطاع غزة,Real
53,2024-11-04,AJPalestine,عاجل | هيئة البث الإسرائيلية,عاجل | هيئة البث الإسرائيلية: ارتفاع عدد المعتقلين في قضية التسريبات إلى 5 بعد اعتقال عسكري رابع برتبة رفيعة,Real
54,2024-12-18,Misbar,ادعاءات زائفة وتصريحات مغلوطة حول موقف من الاحتلال الإسرائيلي تزامنت مع إعلان إس,ادعاءات زائفة وتصريحات مغلوطة حول موقف من الاحتلال الإسرائيلي تزامنت مع إعلان إسرائيل نشر قواتها في المنطقة العازلة على الحدود مع واستعدادها لإقامة علاقات حسن جوار يقدم لكم حقيقة هذه الادعاءات في المقال التالي,Fake
55,2024-11-11,AJPalestine,شهداء ومصابون بعد قصف مدفعي وجوي في منطقة تبة النويري غرب مخيم النصيرا,شهداء ومصابون بعد قصف مدفعي وجوي في منطقة تبة النويري غرب مخيم النصيرات ومناشدات للإسعاف.. التفاصيل مع مراسل #الجزيرة أشرف أبو عمرة #حرب_غزة #الأخبار,Real
56,2024-11-30,Misbar,يعود مقطع الفيديو إلى نوفمبر عام 2020 وهو لاشتباكات عشائرية دارت في منطقة كرمة ب,يعود مقطع الفيديو إلى نوفمبر عام 2020 وهو لاشتباكات عشائرية دارت في منطقة كرمة بقرية الماجدية الواقعة في محافظة البصرة العراقية إليك التفاصيل,Fake
57,2024-11-07,AJPalestine,"""فلسطين حرة"".. جماهير نادي باريس سان جيرمان ترفع لافتة داعمة لفلسطين و","""فلسطين حرة"".. جماهير نادي باريس سان جيرمان ترفع لافتة داعمة لفلسطين ولبنان خلال مباراة فريقهم أمام نادي أتلتيكو مدريد الإسباني #الجزيرة #فيديو",Real
58,2024-11-28,AJPalestine,كيف سينعكس قبول حزب الله باتفاق وقف إطلاق النار في #لبنان على الحرب في,كيف سينعكس قبول حزب الله باتفاق وقف إطلاق النار في #لبنان على الحرب في قطاع #غزة؟ #حرب_غزة #مسار_الأحداث,Real
59,2024-11-27,Misbar,نشرت الصورة في 23 سبتمبر الفائت وتظهر طفلة ترفع إشارة النصر أثناء نزوحها في بلدة,نشرت الصورة في 23 سبتمبر الفائت وتظهر طفلة ترفع إشارة النصر أثناء نزوحها في بلدة الصرفند خلال الأزمة الخانقة بسبب موجة النزوح جراء القصف الإسرائيلي الذي استهدف مناطق للمزيد,Fake
60,2024-11-04,AJPalestine,أصوات من غزة| نذر مجاعة في جنوب قطاع غزة تلوح في الأفق حيث العدد الأكب,أصوات من غزة| نذر مجاعة في جنوب قطاع غزة تلوح في الأفق حيث العدد الأكبر من النازحين والأهالي #الأخبار #حرب_غزة,Real
61,2024-11-19,AJPalestine,مراسل #الجزيرة أنس الشريف عن حال أهالي قطاع غزة وخاصة المحاصرين في شما,"مراسل #الجزيرة أنس الشريف عن حال أهالي قطاع غزة وخاصة المحاصرين في شماله: ""والله نحن نموت.. نموت جوعا وقصفا وحرقا، والآن نموت بردا وغرقا"" #الجزيرة",Real
62,2024-11-30,AJPalestine,الرئيس التركي رجب طيب أردوغان: إننا نعمل لمد يد العون لأشقائنا في غزة,الرئيس التركي رجب طيب أردوغان: إننا نعمل لمد يد العون لأشقائنا في غزة ولبنان، فتركيا إحدى الدول الأكثر تقديما للمساعدات إلى فلسطين #الجزيرة,Real
63,2024-11-16,AJPalestine,عاجل | هيئة عائلات الأسرى الإسرائيليين,عاجل | هيئة عائلات الأسرى الإسرائيليين: الآلاف يتظاهرون في عشرات المواقع في إسرائيل للمطالبة بصفقة,Real
64,2024-12-26,Misbar,نشرت وسائل إعلام تركية في الثالث من فبراير 2020 مقطع الفيديو وذكرت أنه يظهر قصفا,نشرت وسائل إعلام تركية في الثالث من فبراير 2020 مقطع الفيديو وذكرت أنه يظهر قصفا مدفعيا مكثفا نفذته قوات النظام السوري في إدلب وأشارت التقارير إلى أن تبادل القصف أسفر عن مقتل أربعة جنود أتراك وإصابة تسعة آخرين اقرأ أكثر,Fake
65,2024-11-30,AJPalestine,عاجل | يديعوت أحرونوت عن مصادر,عاجل | يديعوت أحرونوت عن مصادر: المؤسسة الأمنية تعتقد أن إسرائيل وصلت لمرحلة يمكنها فيها إنهاء حرب غزة وإعادة الأسرى,Real
66,2024-11-27,Misbar,وسائل إعلام عبرية نشرت الصورة المتداولة في 8 أكتوبر 2023 وتظهر انفجارا في مدينة,وسائل إعلام عبرية نشرت الصورة المتداولة في 8 أكتوبر 2023 وتظهر انفجارا في مدينة ريشون لتسيون جنوب بعد سقوط صواريخ أطلقتها المقاومة الفلسطينية من قطاع عقب عملية طوفان الأقصى اقرأ أكثر,Fake
67,2024-11-16,AJPalestine,عاجل | مراسل #الجزيرة,عاجل | مراسل #الجزيرة: إطلاق ١٠ صواريخ من جنوب #لبنان باتجاه الجليل الغربي,Real
68,2024-11-29,AJPalestine,عاجل | الأمين العام لحزب الله,عاجل | الأمين العام لحزب الله: نشكر #إيران قيادة وشعبا والقائد خامنئي الذي يرعى ويدعو ويؤيد وحرس الثورة الإسلامية,Real
69,2024-11-09,AJPalestine,"انتقد وزير الداخلية الفرنسي برونو ريتيلو رفع لافتة مكتوب عليها ""الحرية","انتقد وزير الداخلية الفرنسي برونو ريتيلو رفع لافتة مكتوب عليها ""الحرية لفلسطين"" خلال مباراة لفريق باريس سان جيرمان بدوري أبطال أوروبا قائلا إنها ""غير مقبولة"". وعندما سُئل ريتيللو عما إذا كان سيسعى إلى فرض عقوبات على النادي الفرنسي، قال: ""لا أستبعد أي شيء، سأطالب باريس سان جيرمان بتوضيحات"". #حرب_غزة",Real
70,2024-12-20,Misbar,توغلات إسرائيلية مستمرة بالأراضي السورية ضمن أكبر وأنجح عملية جوية اعتبرها جيش ا,توغلات إسرائيلية مستمرة بالأراضي السورية ضمن أكبر وأنجح عملية جوية اعتبرها جيش الاحتلال في تاريخه والأمم المتحدة تندد ضمن تغطية لآخر التطورات السورية العديد من الادعاءات المضللة والزائفة رصدها حول الأمر نقدم لكم أبرزها في هذا المقال,Fake
71,2024-11-03,AJPalestine,عاجل | القناة 12 الإسرائيلية عن مصدر أمني كبير,عاجل | القناة 12 الإسرائيلية عن مصدر أمني كبير: حان الوقت لنكون واقعيين وننهي حرب غزة ونبرم اتفاق تبادل يضمن مصالحنا,Real
72,2024-11-03,AJPalestine,عاجل | الشرطة الإسرائيلية,عاجل | الشرطة الإسرائيلية: نقوم بعمليات تمشيط في منطقة حيفا بحثا عن مواقع سقوط صواريخ أو شظايا اعتراض,Real
73,2024-11-05,Misbar,الصورة الأولى هي لقطة شاشة من فيديو نشرته وسائل إعلام إسرائيلية بتاريخ 9 ديسمبر,الصورة الأولى هي لقطة شاشة من فيديو نشرته وسائل إعلام إسرائيلية بتاريخ 9 ديسمبر 2023 أما الصورة الثانية فهي لفلسطينيين اعتقلتهم القوات الإسرائيلية في بتاريخ 10 ديسمبر 2023 اقرأ أكثر عبر تحقيق,Fake
74,2024-12-08,Misbar,الفيديو منشور على يوتيوب منذ يونيو 2014 على أنه يظهر استهداف فصائل معارضة لقوات,الفيديو منشور على يوتيوب منذ يونيو 2014 على أنه يظهر استهداف فصائل معارضة لقوات في حي الوعر في ريف خلال اشتباكات بين الطرفين حينها تفاصيل أوفى,Fake
75,2024-11-25,AJPalestine,عاجل | الجيش الإسرائيلي,عاجل | الجيش الإسرائيلي: استهدفنا محور نقل إيرانيا للوسائل القتالية يمر عبر الأراضي السورية إلى #حزب_الله والوحدة 4400,Real
76,2024-11-10,AJPalestine,أكثر من 41 شهيدا في قصف على شمال قطاع #غزة، والقسـ.ـام تقول إنها أجهزت,أكثر من 41 شهيدا في قصف على شمال قطاع #غزة، والقسـ.ـام تقول إنها أجهزت على 15 جنديا إسرائيليا من المسافة صفر في بيت لاهيا الخبر في قصة بـ #إيجاز #حرب_غزة,Real
77,2024-11-24,AJPalestine,عاجل | هيئة البث عن مسؤول إسرائيلي,عاجل | هيئة البث عن مسؤول إسرائيلي: نتنياهو حول محوري فيلادلفيا ونتساريم لعقبة أمام وقف النار بسبب سموتريتش وبن غفير,Real
78,2024-11-07,AJPalestine,عاجل | مراسل #الجزيرة,عاجل | مراسل #الجزيرة: غارة إسرائيلية على منطقة مرج حاروف جنوبي #لبنان,Real
79,2024-11-20,AJPalestine,"عاجل | ""حمـ.ـاس""","عاجل | ""حمـ.ـاس"": - ""ندين استعمال الولايات المتحدة الفيتو في مجلس الأمن ضد القرار بوقف إطلاق النار في غزة"" - ""الولايات المتحدة تثبت مجددا أنها شريك مباشر في العدوان على شعبنا ومسؤولة عن حرب الإبادة""",Real
80,2024-11-13,AJPalestine,الاحتلال ارتكب 7 مجازر خلال الساعات الـ24 الماضية وصل جراءه,صحة غزة: - ارتفاع عدد ضحايا العدوان الإسرائيلي على القطاع إلى 43.712 شهيدا و103.258 مصابا - الاحتلال ارتكب 7 مجازر خلال الساعات الـ24 الماضية وصل جراءها للمستشفيات 47 شهيدا و182 مصابا,Real
81,2024-11-03,Misbar,لم يعلن عن وقوع عمليات طعن مؤخرا في أو غيرها وجد أن الفيديو يعود إلى 31 مارس الف,لم يعلن عن وقوع عمليات طعن مؤخرا في أو غيرها وجد أن الفيديو يعود إلى 31 مارس الفائت وهو لعملية طعن نفذها شاب فلسطيني داخل مركز تجاري شرقي آنذاك اقرأ المزيد,Fake
82,2024-11-16,Misbar,موسوعة الإنجليزية تحسم موقفها حول حرب إسرائيل على غزة بأنها إبادة جماعية وحملة إ,موسوعة الإنجليزية تحسم موقفها حول حرب إسرائيل على غزة بأنها إبادة جماعية وحملة إسرائيلية سرية للتلاعب بمحتوى الموسوعة التفاصيل كاملة عبر مقال,Fake
83,2024-11-20,AJPalestine,الجيش الإسرائيلي إن الجيش رصد تسلل 3 طائرات مسيّرة أطلقت,قال المتحدث باسم الجيش الإسرائيلي إن الجيش رصد تسلل 3 طائرات مسيّرة أطلقت من لبنان، تسببت في تفعيل صفارات الإنذار في خليج حيفا والجليل. #الأخبار #حرب_غزة,Real
84,2024-11-09,AJPalestine,عاجل | القناة 12 الإسرائيلية,عاجل | القناة 12 الإسرائيلية: تضرر مبنى في المطلة شمالي إسرائيل جراء سقوط صاروخ أطلق من #لبنان,Real
85,2024-11-25,AJPalestine,عاجل | القناة 12 الإسرائيلية,عاجل | القناة 12 الإسرائيلية: نتنياهو قد يعرض اتفاق وقف إطلاق النار في #لبنان على الإسرائيليين غدا عاجل | هيئة البث الإسرائيلية: من المتوقع التصديق غدا على اتفاق وقف إطلاق النار مع #حزب_الله بضغط من القيادة العسكرية,Real
86,2024-12-15,Misbar,التصميم المنسوب إلى صفحة الجزيرةفلسطين مفبرك ولا وجود له في أي من حسابات الجزيرة,التصميم المنسوب إلى صفحة الجزيرةفلسطين مفبرك ولا وجود له في أي من حسابات الجزيرةفلسطين الرسمية على مواقع التواصل ولا على الموقع الرسمي لقناة الجزيرة كما لم ينشر أي مصدر إعلامي موثوق التصريح المنسوب إلى القيادي في حركة حماس باسم نعيم للمزيد,Fake
87,2024-11-14,AJPalestine,أكسيوس عن مصادر:,أكسيوس عن مصادر: - بايدن التقى قبيل لقائه ترمب بعائلات الرهائن الأمريكيين في غزة - بايدن طلب من ترمب العمل معا للدفع باتجاه التوصل إلى اتفاق لوقف إطلاق النار بغزة #الجزيرة,Real
88,2024-11-03,AJPalestine,استشهد نحو 28 فلسطينيا في غارات للاحتلال على القطاع، 15 منهم شمالي الق,استشهد نحو 28 فلسطينيا في غارات للاحتلال على القطاع، 15 منهم شمالي القطاع، في حين وصل عدد الشهداء إلى 43 ألفا و314، وعدد الجرحى زاد على 100 ألف.. التفاصيل مع مراسل الجزيرة رامي أبو طعيمة #الأخبار #حرب_غزة,Real
89,2024-11-24,AJPalestine,عاجل | واللا,عاجل | واللا: الدفعات الصاروخية من #لبنان لا تتوقف ويتم الآن تفعيل صفارات الإنذار بمنطقة ميرون في الجليل الأعلى,Real
90,2024-12-30,Misbar,الفيديو يتألف من مقاطع منفصلة مقتطعة من تقرير منشور في 14 يوليو 2021 وتظهر اشتبا,الفيديو يتألف من مقاطع منفصلة مقتطعة من تقرير منشور في 14 يوليو 2021 وتظهر اشتباكات بين قوات النهوض الشعبي وبين حركة طالبان تفاصيل أوفى,Fake
91,2024-11-22,AJPalestine,عاجل | سرايا القدس,عاجل | سرايا القدس: نخوض اشتباكات ضارية بأسلحة رشاشة ومضادة للدروع مع العدو الصهيوني في بيت لاهيا شمال قطاع غزة,Real
92,2024-11-02,AJPalestine,"نساء من عائلة ""روتشليد"" اليهودية مهدن الطريق من #إنجلترا لخطة ""حاييم و","نساء من عائلة ""روتشليد"" اليهودية مهدن الطريق من #إنجلترا لخطة ""حاييم وايزمان""، أول رئيس وزراء لإسرائيل، في إقامة وطن قومي لليهود في #فلسطين.. فكيف كنّ اللبنة الأولى لـ""وعد بلفور""؟ #الجزيرة_فيديو",Real
93,2024-11-14,AJPalestine,عاجل | التلفزيون السوري,عاجل | التلفزيون السوري: عدوان إسرائيلي يستهدف حيي المزة وقدسيا بدمشق,Real
94,2024-11-17,AJPalestine,عاجل | هآرتس,عاجل | هآرتس: ثلث قتلى الحرب الإسرائيليين هم من أفراد قوات الاحتياط والعديد منهم لديهم عائلات والعبء عليهم غير مسبوق,Real
95,2024-11-10,AJPalestine,عاجل | هيئة شؤون الأسرى,عاجل | هيئة شؤون الأسرى: جيش الاحتلال الإسرائيلي أعدم بالرصاص 3 أسرى من غزة بعد لحظات من الإفراج عنهم,Real
96,2024-11-19,AJPalestine,عاجل | مدير مستشفى كمال عدوان للجزيرة,عاجل | مدير مستشفى كمال عدوان للجزيرة: - حالات سوء تغذية بدأت بالتوافد على المستشفى معظمهم أطفال ومسنون بسبب المجاعة - خطر الموت يهدد حياة المرضى من كبار السن لنفاد الدواء وتفشي المجاعة شمال غزة - مصابون يفقدون حياتهم يوميا لعدم وجود أطباء وأدوية في المستشفى,Real
97,2024-11-28,AJPalestine,الأونروا: - تم رفض 82 محاولة وعرقلة 9 محاولات للأمم المتحدة لإيصال المساعدات إلى شمال غزة المحاصر -,الأونروا: - تم رفض 82 محاولة وعرقلة 9 محاولات للأمم المتحدة لإيصال المساعدات إلى شمال غزة المحاصر - ظروف البقاء على قيد الحياة تتضاءل لنحو 65 إلى 75 ألف شخص يقدر أنهم ما زالوا في شمال القطاع #الجزيرة,Real
98,2024-11-07,AJPalestine,الاحتلال مجزرة بقصف منزل قرب مدارس أبو حسين بمخيم جباليا ما,#صور مروعة لشـ.ـهداء أطفال تحت الأنقاض جراء ارتكاب الاحتلال مجزرة بقصف منزل قرب مدارس أبو حسين بمخيم جباليا ما أدى إلى ارتقاء 30 شهيداً وإصابة وفقدان عدد آخر #الجزيرة,Real
99,2024-11-25,AJPalestine,عاجل | مراسل #الجزيرة,عاجل | مراسل #الجزيرة: قصف مدفعي إسرائيلي على منطقة تل الزعتر بمخيم جباليا شمالي قطاع غزة,Real
100,2024-12-22,Misbar,استقصائي استمر أشهرا يكشف عن خلافات داخلية عميقة في هيئة الإذاعة البريطانية BBC,استقصائي استمر أشهرا يكشف عن خلافات داخلية عميقة في هيئة الإذاعة البريطانية BBC وتأثير جماعات الضغط المؤيدة لإسرائيل على تغطيتها للحرب الإسرائيلية على غزة التحقيق يوجه اتهامات مباشرة للمؤسسة بالانحياز للرواية الإسرائيلية على حساب حياديتها الصحافية التفاصيل في مقال,Fake
101,2024-11-09,AJPalestine,عاجل | الصحة اللبنانية,عاجل | الصحة اللبنانية: 6 شهداء و5 مصابين من المسعفين في غارات إسرائيلية على بلدتي عين بعال ودير قانون رأس العين,Real
102,2024-11-29,AJPalestine,عاجل | الأمين العام لحزب الله,عاجل | الأمين العام لحزب الله: الحزب استعاد قوته ومبادرته فشكل منظومة القيادة والسيطرة مجددا ووقف صامدا على الجبهة,Real
103,2024-11-15,Misbar,الصورة الأولى نشرت في 11 مايو 2021 على أنها لدمار عقب هجوم صاروخي على بتاح تكفا,الصورة الأولى نشرت في 11 مايو 2021 على أنها لدمار عقب هجوم صاروخي على بتاح تكفا أما الصورة الثانية فتعود لإصابة مبنى جراء سقوط صاروخ من قطاع غزة على جفعتايم في 12 مايو 2021 اكتشف المزيد,Fake
104,2024-12-16,Misbar,المعلومات المضللة تزيد من معاناة السوريين من صور مزيفة إلى مقاطع فيديو مضللة كيف,المعلومات المضللة تزيد من معاناة السوريين من صور مزيفة إلى مقاطع فيديو مضللة كيف تعمل الشائعات على زرع الفوضى وتعزز الانقسامات في المجتمع السوري اكتشف الحقيقة في هذا الألبوم,Fake
105,2024-11-13,AJPalestine,تحقيق للقناة 13 الإسرائيلية يكشف عن تسجيلات يحرض فيها بن غفير مقربيه ع,تحقيق للقناة 13 الإسرائيلية يكشف عن تسجيلات يحرض فيها بن غفير مقربيه على تصعيد الاستفزاز وتفجير الوضع ضد العرب، وفي المسجد الأقصى #حرب_غزة #الأخبار,Real
106,2024-11-07,Misbar,تقرير أممي حديث يؤكد تسجيل فلسطين أعلى نسبة لقتل الصحفيين في العالم خلال العام 2,تقرير أممي حديث يؤكد تسجيل فلسطين أعلى نسبة لقتل الصحفيين في العالم خلال العام 2023 يكشف تناقض الاحتلال الإسرائيلي فبينما يسمح للصحفيين الإسرائيليين بالتغطية بحرية وارتكاب مختلف الانتهاكات يستهدف الصحفيون الفلسطينيون بالقتل والملاحقات والاتهامات الزائفة هنا التفاصيل,Fake
107,2024-11-18,Misbar,المقطع ليس لحفل راقص ومختلط في باحات الفيديو يوثق مشاهد حشود من المعتكفين وهي تر,المقطع ليس لحفل راقص ومختلط في باحات الفيديو يوثق مشاهد حشود من المعتكفين وهي تردد نشيدا يشيد بالمقاومة و خلال مسيرة تضامنية في ليلة الخامس والعشرين من رمضان الموافق لـ14 إبريل من عام 2023 تفاصيل أكثر,Fake
108,2024-11-15,AJPalestine,سـ.ـرايا القدس تبث شريطا للأسير المحتجز لديها ألكسندر توربانوف يناشد ف,سـ.ـرايا القدس تبث شريطا للأسير المحتجز لديها ألكسندر توربانوف يناشد فيه المسؤولين الإسرائيليين إنقاذ حياته #الجزيرة #فيديو,Real
109,2024-11-28,AJPalestine,"الاحتلال المقتحمة على محور القدس""","كتـ.ـيبة جنين في سـ.ـرايا القدس: ""يخوض مقاتلونا في سرية قباطية معارك ضارية مع قوات الاحتلال المقتحمة على محور القدس"" #الجزيرة",Real
110,2024-11-01,AJPalestine,عاجل | القناة 12 الإسرائيلية,عاجل | القناة 12 الإسرائيلية: رغم إنكار ديوان نتنياهو فإن الصور تظهر مشاركة المستشار المعتقل في اجتماعات للحكومة,Real
111,2024-11-07,AJPalestine,أكسيوس عن مسؤول في إدارة بايدن:,أكسيوس عن مسؤول في إدارة بايدن: - قلقون بشأن إقالة غالانت لأنه شريك موثوق في حربي غزة ولبنان والتوتر مع #إيران - لا علاقات لنا بكاتس الذي عين خلفا لغالانت وقلقون من أن الأمر سيصبح أكثر صعوبة - لدينا الكثير من الأشياء التي يتعين علينا القيام بها في الشهرين المقبلين. #الجزيرة,Real
112,2024-11-19,AJPalestine,عاجل | الجبهة الداخلية الإسرائيلية,عاجل | الجبهة الداخلية الإسرائيلية: - تفعيل صفارات الإنذار في كفار بلوم ومحيطها بالقطاع الشرقي للحدود مع #لبنان - صفارات الإنذار تدوي في المطلة إثر اختراق مسيرة من #لبنان - إطلاق صفارات الإنذار في كريات شمونة عقب اختراق مسيرة من #لبنان,Real
113,2024-11-22,AJPalestine,عاجل | مراسل #الجزيرة,عاجل | مراسل #الجزيرة: ارتفاع عدد الشهداء إلى 3 منهم طفلتان بقصف إسرائيلي على خيمة تؤوي نازحين بالمواصي غربي خان يونس,Real
114,2024-11-02,AJPalestine,عاجل | الجبهة الداخلية الإسرائيلية,عاجل | الجبهة الداخلية الإسرائيلية: صفارات الإنذار تدوي في مدينة صفد ومناطق محيطة بها في شمال إسرائيل,Real
115,2024-11-09,AJPalestine,عاجل | حزب الله,عاجل | حزب الله: استهدفنا برشقة صاروخية تجمعا لقوات العدو الإسرائيلي في موقع العباد,Real
116,2024-12-11,Misbar,الفيديو مقتطع من تقرير نشرته وكالات أنباء وقنوات إخبارية في 26 إبريل 2024 ويظهر,الفيديو مقتطع من تقرير نشرته وكالات أنباء وقنوات إخبارية في 26 إبريل 2024 ويظهر حشد القوات الإسرائيلية لعشرات الدبابات والمركبات المدرعة على طول حدودها مع جنوب قطاع غزة تفاصيل أوفى,Fake
117,2024-12-27,Misbar,نفت والدة الشابة حنين عكاري وستة مصادر مطلعة لـ صحة الأنباء المتداولة حول إصابته,نفت والدة الشابة حنين عكاري وستة مصادر مطلعة لـ صحة الأنباء المتداولة حول إصابتها أو مقتلها خلال تظاهرة في مدينة السورية وأوضحت والدتها أن ابنتها التي تنتمي إلى الطائفة السنية فقدت وعيها نتيجة وعكة صحية في حمص التفاصيل كاملة,Fake
118,2024-11-23,AJPalestine,عاجل | مصادر للجزيرة,عاجل | مصادر للجزيرة: مستوطنون يقتحمون المقبرة الإسلامية في شارع الشهداء وسط الخليل جنوبي الضفة الغربية,Real
119,2024-11-06,AJPalestine,عاجل | القناة 7 الإسرائيلية,عاجل | القناة 7 الإسرائيلية: إصابة 4 أشخاص في استهداف بلدة أفيفيم بالصواريخ,Real
120,2024-11-02,AJPalestine,عاجل | الجبهة الداخلية الإسرائيلية,عاجل | الجبهة الداخلية الإسرائيلية: صفارات الإنذار تدوي في إيلون ومانوت في الجليل الغربي عقب رصد إطلاق صواريخ,Real
121,2024-11-27,AJPalestine,الاحتلال #حرب_غزة #فيديو,استياء سكان غزة من إسقاط المساعدات الجوية قرب الاحتلال #حرب_غزة #فيديو,Real
122,2024-11-17,AJPalestine,عاجل | واللا,عاجل | واللا: سكان مناطق وسط إسرائيل يبلغون عن تعطيل نظام جي بي إس بعد تفعيل صفارات الإنذار,Real
123,2024-11-15,Misbar,جريدة الأخبار اللبنانية نشرت الفيديو الأصلي على منصة إكس يوم 29 أكتوبر الفائت وأ,جريدة الأخبار اللبنانية نشرت الفيديو الأصلي على منصة إكس يوم 29 أكتوبر الفائت وأشارت إلى أنه لدمار لحق بساحة بلدة جباع جراء غارات إسرائيلية للمزيد عبر تحقيق,Fake
124,2024-11-04,AJPalestine,عاجل | يديعوت أحرونوت عن مصادر أمنية,عاجل | يديعوت أحرونوت عن مصادر أمنية: هدف بدء التحقيق في قضية التسريبات هو وقف تسريب معلومات خطيرة خلال الحرب,Real
125,2024-11-22,Misbar,المقطع منشور في 20 نوفمبر الجاري ويوثق اقتحام الجيش الإسرائيلي لمدينة في تفاصيل,المقطع منشور في 20 نوفمبر الجاري ويوثق اقتحام الجيش الإسرائيلي لمدينة في تفاصيل أكثر,Fake
126,2024-11-23,AJPalestine,رئيس كولومبيا غوستافو بيترو للجزيرة: هدف حرب الإبادة التي تمارسها إسرا,رئيس كولومبيا غوستافو بيترو للجزيرة: هدف حرب الإبادة التي تمارسها إسرائيل في غزة منع قيام وطن للفلسطينيين #حرب_غزة,Real
127,2024-11-11,AJPalestine,عاجل | مراسلة #الجزيرة,عاجل | مراسلة #الجزيرة: - إطلاق دفعة صاروخية من جنوب #لبنان باتجاه مواقع إسرائيلية في الجليل - انفجار صواريخ اعتراضية في أجواء قرى حدودية من جنوب #لبنان,Real
128,2024-11-14,AJPalestine,مكتب الأمم المتحدة لحقوق الإنسان: نرجح أن تكون الوفيات بغزة منذ 7 أكتو,مكتب الأمم المتحدة لحقوق الإنسان: نرجح أن تكون الوفيات بغزة منذ 7 أكتوبر 2023 أعلى مما ورد في التقارير الحالية,Real
129,2024-11-17,AJPalestine,عاجل | مراسل #الجزيرة,عاجل | مراسل #الجزيرة: إصابة فلسطينيتين في قصف مدفعي إسرائيلي على بلدة النصر شمال شرقي مدينة #رفح جنوبي قطاع غزة,Real
130,2024-11-10,AJPalestine,"""بدهم يجهلوا أولادنا.. بدنا التعليم"".. مسن فلسطيني يطالب بحقهم في التع","""بدهم يجهلوا أولادنا.. بدنا التعليم"".. مسن فلسطيني يطالب بحقهم في التعليم في ظل الحرب الإسرائيلية المستمرة منذ أكثر من عام #فيديو #حرب_غزة",Real
131,2024-11-08,AJPalestine,وسائل الإعلام الإسرائيلية ﻻ تزال منشغلة بإقالة وزير الدفاع يوآف غالانت,وسائل الإعلام الإسرائيلية ﻻ تزال منشغلة بإقالة وزير الدفاع يوآف غالانت وتداعياتها على المستويين السياسي والعسكري.. فما أبرز ما جاء في هذه النقاشات؟ #الأخبار #حرب_غزة,Real
132,2024-11-01,AJPalestine,عاجل | القناة 12 الإسرائيلية,عاجل | القناة 12 الإسرائيلية: أنباء عن اعتراضات جوية في خليج حيفا دون دوي صفارات الإنذار,Real
133,2024-11-17,AJPalestine,عاجل | وسائل إعلام إسرائيلية,عاجل | وسائل إعلام إسرائيلية: العشرات يغلقون مدخل مكتب نتنياهو في القدس مطالبين بإسقاط الحكومة وإبرام صفقة تبادل,Real
134,2024-11-06,AJPalestine,الاحتلال في اقتحام قباطية #حرب_غزة #فيديو,شهادة والد طفل نهشه كلب الاحتلال في اقتحام قباطية #حرب_غزة #فيديو,Real
135,2024-11-02,AJPalestine,عاجل | - الجبهة الداخلية الإسرائيلية: صفارات الإنذار تدوي في 25 منطقة في عكا وخليج حيفا ومناطق واسع,عاجل | - الجبهة الداخلية الإسرائيلية: صفارات الإنذار تدوي في 25 منطقة في عكا وخليج حيفا ومناطق واسعة من الجليل - وسائل إعلام إسرائيلية: دوي انفجارات في خليج حيفا وعكا ومناطق عدة بالجليل #الجزيرة,Real
136,2024-11-11,AJPalestine,عاجل | هآرتس عن مسؤول إسرائيلي رفيع,عاجل | هآرتس عن مسؤول إسرائيلي رفيع: - إدارة بايدن قد تقرر دعوة الجيش لإنهاء عملياته في غزة - نستعد لخطوات عملية من جانب إدارة بايدن بعد اقتراب انتهاء الإنذار الأمريكي - تزايد احتمال أن تعلن واشنطن أن إسرائيل لم تلتزم بمطالب تتعلق بالمساعدات الإنسانية لغزة,Real
137,2024-11-12,AJPalestine,الجيش الإسرائيلي,الجيش الإسرائيلي: مقتل 4 جنود من لواء كفير في المعارك بشمال قطاع غزة معاريف: الجنود الإسرائيليون الأربعة قتلوا داخل مبنى استهدف بصاروخ مضاد للدروع في بيت لاهيا شمالي قطاع غزة,Real
138,2024-11-18,AJPalestine,وسائل إعلام إسرائيلية: عشرات من ذوي الأسرى المحتجزين بغزة يتظاهرون قرب,وسائل إعلام إسرائيلية: عشرات من ذوي الأسرى المحتجزين بغزة يتظاهرون قرب منزل نتنياهو في القدس ويطالبون بصفقة,Real
139,2024-11-24,AJPalestine,عاجل | سامي أبو زهري,عاجل | سامي أبو زهري: ندعو إدارة بايدن إلى التكفير عن خطيئتها بالضغط على الاحتلال لوقف جرائمه ضد شعبنا,Real
140,2024-11-03,AJPalestine,عاجل | وزير الخارجية التركي,عاجل | وزير الخارجية التركي: قدمنا رسالة موقعة من 52 دولة إلى الأمم المتحدة تطالب بوقف تزويد إسرائيل بالأسلحة,Real
141,2024-11-29,Misbar,هذا المقطع من اشتباكات قوات تركية مع عناصر النظام السوري بالقرب من محافظة في فبر,هذا المقطع من اشتباكات قوات تركية مع عناصر النظام السوري بالقرب من محافظة في فبراير عام 2020 التفاصيل كاملة عبر تحقيق,Fake
142,2024-11-06,AJPalestine,سـ.ــرايا القدس تعرض مشاهد من استهداف حواجز لقوات إسرائيلية ومعارك ضار,"سـ.ــرايا القدس تعرض مشاهد من استهداف حواجز لقوات إسرائيلية ومعارك ضارية خاضتها ""كتـ.ـيبة جنين"" #حرب_غزة #فيديو",Real
143,2024-11-09,AJPalestine,عاجل | مصادر للجزيرة,عاجل | مصادر للجزيرة: قوات الاحتلال تحاصر منزلا في مدينة طولكرم شمال الضفة الغربية,Real
144,2024-11-17,AJPalestine,عاجل | زعيم الأغلبية المنتخب بالشيوخ الأمريكي,عاجل | زعيم الأغلبية المنتخب بالشيوخ الأمريكي: تجب معاقبة الجنائية الدولية إذا أصدرت أوامر اعتقال لمسؤولين إسرائيليين,Real
145,2024-11-12,AJPalestine,عاجل | القناة ١٢ الإسرائيلية,عاجل | القناة ١٢ الإسرائيلية: تايلاند تصدر تحذيرا من احتمال استهداف إسرائيليين على أراضيها,Real
146,2024-11-23,AJPalestine,عاجل | مراسل #الجزيرة,عاجل | مراسل #الجزيرة: غارة إسرائيلية تستهدف مسجد الفاروق في مخيم النصيرات وسط قطاع غزة,Real
147,2024-12-11,Misbar,كشف أن الفيديو المتداول يوثق حشودا عسكرية إسرائيلية في غلاف غزة بتاريخ 15 أكتوبر,كشف أن الفيديو المتداول يوثق حشودا عسكرية إسرائيلية في غلاف غزة بتاريخ 15 أكتوبر 2023 اقرأ التحقيق كاملا,Fake
148,2024-11-14,AJPalestine,عاجل | الجبهة الداخلية الإسرائيلية,عاجل | الجبهة الداخلية الإسرائيلية: صفارات الإنذار تدوي في عكا إثر تسلل مسيرة من #لبنان,Real
149,2024-11-24,AJPalestine,عاجل | حزب الله,عاجل | حزب الله: قصفنا برشقة صاروخية مستوطنة حتسور هاغليليت,Real
150,2024-11-25,AJPalestine,عاجل | مراسل #الجزيرة,عاجل | مراسل #الجزيرة: مسيرة إسرائيلية تستهدف سيارة في مدينة صور جنوبي #لبنان,Real
151,2024-11-05,Misbar,لم ينشر أي تصريح لرئيس الحكومة اللبنانية على وسائل إعلام ذات صدقية أو على حسابات,لم ينشر أي تصريح لرئيس الحكومة اللبنانية على وسائل إعلام ذات صدقية أو على حساباته الشخصية يصف فيه بـ المليشيا المارقة أو تحدث فيه عن تكلفة الإعمار في الناجمة عن العدوان الإسرائيلي تفاصيل أكثر,Fake
152,2024-11-04,AJPalestine,القناة 12: رئيس الموساد أبلغ أهالي المختطفين أن فرصة التوصل إلى صفقة ص,القناة 12: رئيس الموساد أبلغ أهالي المختطفين أن فرصة التوصل إلى صفقة صغيرة تبدو منخفضة #حرب_غزة,Real
153,2024-11-26,AJPalestine,وزير الخارجية الإيطالي:,وزير الخارجية الإيطالي: - نحن أصدقاء إسرائيل ولكن يجب احترام القانون الدولي - نعمل مع الولايات المتحدة للتوصل إلى وقف لإطلاق النار في غزة ولبنان #الجزيرة,Real
154,2024-11-24,AJPalestine,عاجل | هيئة البث الإسرائيلية,عاجل | هيئة البث الإسرائيلية: توقف حركة الطيران في مطار بن غوريون شرق تل أبيب إثر إطلاق صواريخ من #لبنان,Real
155,2024-11-09,Misbar,الفيديو لمشاركة المصور الفلسطيني بحدث في بتاريخ 25 مايو الفائت للمزيد من التفاصي,الفيديو لمشاركة المصور الفلسطيني بحدث في بتاريخ 25 مايو الفائت للمزيد من التفاصيل,Fake
156,2024-11-13,AJPalestine,الاحتلال بمخيم جباليا #حرب_غزة #فيديو,كتـ.ـائب القسـ.ـام تستهدف جنود وآليات الاحتلال بمخيم جباليا #حرب_غزة #فيديو,Real
157,2024-11-11,AJPalestine,لقطات ترصد أضرارا نجمت عن سقوط صواريخ في منطقة خليج #حيفا انطلقت من جن,لقطات ترصد أضرارا نجمت عن سقوط صواريخ في منطقة خليج #حيفا انطلقت من جنوب #لبنان #حرب_غزة #الأخبار,Real
158,2024-12-27,Misbar,الصورة توثق غارة جوية شنتها قوات التحالف العربي بقيادة في 28 إبريل 2015 على مدرج,الصورة توثق غارة جوية شنتها قوات التحالف العربي بقيادة في 28 إبريل 2015 على مدرج مطار الدولي الذي يسيطر عليه لمنع طائرة إيرانية من الهبوط للمزيد من المعلومات,Fake
159,2024-11-09,AJPalestine,المكتب الإعلامي الحكومي بغزة:,"المكتب الإعلامي الحكومي بغزة: - بعد مرور 400 يوم على حرب الإبادة 53.552 شهيدا ومفقودا في القطاع - العدوان على القطاع أسفر حتى الآن عن استشهاد 17.385 طفلا و11,891 امرأة #الجزيرة",Real
160,2024-11-30,AJPalestine,رفع العلم الفلسطيني على مركز مدينة شيفلد ببريطانيا في اليوم التضامني م,رفع العلم الفلسطيني على مركز مدينة شيفلد ببريطانيا في اليوم التضامني مع فلسطين #فيديو #حرب_غزة,Real
161,2024-11-10,AJPalestine,عاجل | وزارة الصحة اللبنانية,عاجل | وزارة الصحة اللبنانية: 14 شهيدا بينهم 7 مسعفين في الغارات الإسرائيلية أمس على بلدة دير قانون رأس العين بالجنوب,Real
162,2024-11-07,AJPalestine,الاحتلال خلال اقتحامه مخيم طولكرم,لحظة تفجير عبوة ناسفة بآلية لجيش الاحتلال خلال اقتحامه مخيم طولكرم #الجزيرة #فيديو,Real
163,2024-11-11,AJPalestine,عاجل | مراسل #الجزيرة,عاجل | مراسل #الجزيرة: إطلاق صواريخ من جنوب #لبنان باتجاه إصبع الجليل,Real
164,2024-11-07,AJPalestine,عاجل | إذاعة الجيش الإسرائيلي,عاجل | إذاعة الجيش الإسرائيلي: رصد صاروخ أطلق من غزة نحو نتيف هعسراه بغلاف غزة,Real
165,2024-11-14,AJPalestine,عاجل | هيئة البث الإسرائيلية,عاجل | هيئة البث الإسرائيلية: رئيس ديوان نتنياهو سيخضع اليوم للتحقيق على خلفية التسريبات الأمنية بديوان رئيس الوزراء,Real
166,2024-12-30,Misbar,الفيديو ليس للاشتباكات الأخيرة التي وقعت بين الجانبين الأفغاني والباكستاني وقد ن,الفيديو ليس للاشتباكات الأخيرة التي وقعت بين الجانبين الأفغاني والباكستاني وقد نشر في 18 مارس 2022 وأشير إلى أنه يظهر مشاهد لاستهداف جبهة المقاومة في أفغانستان المناهضة لحركة طالبان للمزيد,Fake
167,2024-11-02,AJPalestine,عاجل | مصادر للجزيرة,عاجل | مصادر للجزيرة: آليات عسكرية إسرائيلية تقتحم مدينة قلقيلية بالضفة الغربية,Real
168,2024-11-02,AJPalestine,عاجل | الجبهة الداخلية الإسرائيلية,عاجل | الجبهة الداخلية الإسرائيلية: إطلاق صفارات الإنذار في عكا ونهاريا وخليج حيفا,Real
169,2024-11-20,AJPalestine,مراسل #الجزيرة: غارة جوية إسرائيلية استهدفت منزلا في مخيم البريج وسط ق,مراسل #الجزيرة: غارة جوية إسرائيلية استهدفت منزلا في مخيم البريج وسط قطاع غزة #الأخبار #حرب_غزة,Real
170,2024-11-05,AJPalestine,بألم وقهر.. بكاء مؤثر لوالدة الشهـ.ـيد شوقي عصعوص الذي ارتقى في قصف عل,بألم وقهر.. بكاء مؤثر لوالدة الشهـ.ـيد شوقي عصعوص الذي ارتقى في قصف على بلدة مثلث الشـ.ـهداء جنوب جنين #الجزيرة #فيديو,Real
171,2025-01-01,Misbar,الفيديو يظهر أفرادا من حركة تدعى يعلنون المقاومة المسلحة ضد الجيش والشرطة في أغس,الفيديو يظهر أفرادا من حركة تدعى يعلنون المقاومة المسلحة ضد الجيش والشرطة في أغسطس عام 2014 تزامنا مع الاحتجاجات التي نظمتها جماعة الإخوان المسلمين في رفضا لعزل الرئيس السابق محمد مرسي تفاصيل أوفى,Fake
172,2024-12-18,Misbar,مواقع إخبارية نقلت الفيديو على أنه للحظة اعتقال قوات لأحد ضباط النظام السابق يدع,مواقع إخبارية نقلت الفيديو على أنه للحظة اعتقال قوات لأحد ضباط النظام السابق يدعى حسيب معلا في جسر الشغور في إبريل عام 2015 للمزيد عبر تحقيق,Fake
173,2024-11-24,AJPalestine,عاجل | إذاعة الجيش الإسرائيلي,عاجل | إذاعة الجيش الإسرائيلي: إطلاق 340 صاروخا من #لبنان منذ صباح اليوم,Real
174,2025-01-05,Misbar,ضربوه بالهراوات والعصي وأجبروه على خلع ملابسه خلف عدسات الكاميرا كيف تعامل جنود,ضربوه بالهراوات والعصي وأجبروه على خلع ملابسه خلف عدسات الكاميرا كيف تعامل جنود الاحتلال الإسرائيلي مع الطبيب وكيف يتعاملون مع الأطباء الفلسطينيين بعد اعتقالهم اقرأ التفاصيل في مقال,Fake
175,2024-11-04,AJPalestine,عاجل | الجيش الإسرائيلي,عاجل | الجيش الإسرائيلي: اعترضنا مسيرة انقضاضية اخترقت من #لبنان باتجاه الجليل الغربي,Real
176,2024-11-04,AJPalestine,هاريس: نحن بحاجة إلى إنهاء الحرب في غزة وتحرير الرهائن وسأبذل كل ما في,هاريس: نحن بحاجة إلى إنهاء الحرب في غزة وتحرير الرهائن وسأبذل كل ما في وسعي إذا انتخبت رئيسة للولايات المتحدة #الجزيرة,Real
177,2025-01-05,Misbar,ترحيب أمام الكاميرات وتعذيب خلف الكواليس اعتقال الطبيب الفلسطيني يفضح حقيقة ممار,ترحيب أمام الكاميرات وتعذيب خلف الكواليس اعتقال الطبيب الفلسطيني يفضح حقيقة ممارسات الاحتلال يطلعكم على التفاصيل,Fake
178,2024-11-17,AJPalestine,عاجل | مراسل #الجزيرة,عاجل | مراسل #الجزيرة: أضرار مادية جسيمة في المبنى المستهدف في الغارة الإسرائيلية على منطقة رأس النبع في #بيروت,Real
179,2024-12-18,Misbar,حسابات على موقع فيسبوك نشرت الفيديو الأصلي بتاريخ 16 مارس 2020 وذكرت أنه يعود إل,حسابات على موقع فيسبوك نشرت الفيديو الأصلي بتاريخ 16 مارس 2020 وذكرت أنه يعود إلى بث مباشر يظهر ملاحقة السلطات الجزائرية للناشط إبراهيم دواجي أثناء وجوده في سيارته بمدينة مستغانم قبل اعتقاله للمزيد,Fake
180,2024-11-22,Misbar,الصورة تظهر إلقاء الرئيس الروسي فلاديمير خطابا في مصنع لتجميع الصواريخ في 12 إبر,الصورة تظهر إلقاء الرئيس الروسي فلاديمير خطابا في مصنع لتجميع الصواريخ في 12 إبريل عام 2022 تفاصيل أوفى عبر تحقيق,Fake
181,2024-11-29,Misbar,الفيديو منشور عام 2016 على أنه لمقاتل من جبهة النصرة أسرته قوات حزب الله في خلال,الفيديو منشور عام 2016 على أنه لمقاتل من جبهة النصرة أسرته قوات حزب الله في خلال اشتباكات لقوات النظام وجماعات موالية لها مع فصائل تابعة للمعارضة السورية تفاصيل أوفى,Fake
182,2024-11-16,AJPalestine,عاجل | الخارجية الإيرانية,عاجل | الخارجية الإيرانية: ننفي بشكل قاطع التقارير عن لقاء بين إيلون ماسك ومندوب #إيران لدى الأمم المتحدة في نيويورك #الجزيرة,Real
183,2024-11-04,AJPalestine,عاجل | مراسل #الجزيرة,عاجل | مراسل #الجزيرة: مصابون إثر قصف مسيرة إسرائيلية فلسطينيين عند دوار أبو شرخ غرب مخيم جباليا شمالي قطاع غزة,Real
184,2024-11-15,AJPalestine,الاحتلال أثناء نزوحه من مدينة غزة إلى وسط القطاع عبر حاجز ن,مراسل #الجزيرة: استشهاد فلسطيني بنيران الاحتلال أثناء نزوحه من مدينة غزة إلى وسط القطاع عبر حاجز نتساريم,Real
185,2024-12-17,Misbar,نشر الفيديو على مواقع التواصل في مايو الفائت وقال ناشروه إنه يوثق إطلاق مسلحين ا,نشر الفيديو على مواقع التواصل في مايو الفائت وقال ناشروه إنه يوثق إطلاق مسلحين النار على أشخاص بالقرب من شواطئ قطاع غزة حينها تفاصيل أوفى عبر تحقيق,Fake
186,2024-11-26,AJPalestine,عاجل | نتنياهو,عاجل | نتنياهو: - سبب آخر لوقف إطلاق النار هو فصل الجبهات وإخراج حـ.ماس تماما من الصورة - أسباب وقف إطلاق النار هي التركيز على تهديد #إيران وإنعاش الجيش وعزل حـ.ماس وفصل الساحات العسكرية - نغير وجه الشرق الأوسط,Real
187,2024-11-03,AJPalestine,الاحتلال في مخيم النصيرات وسط قطاع غزة,انتشال الرضيعة سلمى الشيخ علي صاحبة الـ 50 يوما شهيدة من تحت ركام منزلها الذي دمره الاحتلال في مخيم النصيرات وسط قطاع غزة #الجزيرة,Real
188,2024-11-14,AJPalestine,الجيش الإسرائيلي,المتحدث باسم الجيش الإسرائيلي: - الحرب تكلفنا ثمنا باهظا - قواتنا تعمل بشكل ممنهج من أجل سلب حـ.ـزب الله قدراته - جنودنا قتلوا أمس خلال تطهير أحد المواقع في كمين لمقاتلي حـ.ـزب الله - نواصل الهجوم من الجو في كل أنحاء #لبنان من الضاحية الجنوبية وحتى #دمشق - هاجمنا مخازن أسلحة ومراكز قيادة لحـ.ـزب الله ونواصل الإضرار بالبنية التحتية - هاجمنا قيادات للجهـ.ـاد الإسلامي في #سوريا اليوم - قواتنا تحارب في شمال غزة وجباليا وبيت لاهيا - إصابة جنديين في استهداف مسيرة أطلقت من #لبنان في الياكيم - سنهاجم أي محاولة لتهريب الأسلحة إلى حـ.ـزب الله من #سوريا #الجزيرة,Real
189,2024-11-18,AJPalestine,الطبيب حسام أبو صفية يواسي زميله الطبيب هاني بدران بعد استهداف منزله ف,الطبيب حسام أبو صفية يواسي زميله الطبيب هاني بدران بعد استهداف منزله في مشروع بيت لاهيا واستشهاد 17 شخصا من أفراد أسرته #حرب_غزة #فيديو,Real
190,2024-11-21,AJPalestine,فجر استشهاده ثورة عام 1936 في فلسطين وظل رمزا للمقـ.ـاومة.. 89 عاما عل,فجر استشهاده ثورة عام 1936 في فلسطين وظل رمزا للمقـ.ـاومة.. 89 عاما على استشهاد عز الدين القسـ.ـام في #فلسطين خلال حربه للقوات البريطانية #الجزيرة,Real
191,2024-11-01,AJPalestine,عاجل | الإعلام الحكومي بغزة,عاجل | الإعلام الحكومي بغزة: ارتفاع عدد الشهداء من الصحفيين إلى 183 منذ بدء الحرب الإسرائيلية على قطاع غزة,Real
192,2024-11-11,AJPalestine,عاجل | حزب الله,عاجل | حزب الله: استهدفنا برشقة صاروخية قاعدة زوفولون للصناعات العسكرية شمال مدينة حيفا المحتلة,Real
193,2024-11-16,AJPalestine,عاجل | يسرائيل هيوم,عاجل | يسرائيل هيوم: جريحان إصابتهما طفيفة بعد القصف على حيفا,Real
194,2024-12-28,Misbar,رقابة رقمية أم تمييز تحقيق يكشف تقييد المحتوى الفلسطيني وزيادة التفاعل مع الإعلا,رقابة رقمية أم تمييز تحقيق يكشف تقييد المحتوى الفلسطيني وزيادة التفاعل مع الإعلام الإسرائيلي على فيسبوك,Fake
195,2024-11-12,AJPalestine,عاجل | مراسل #الجزيرة,عاجل | مراسل #الجزيرة: شهيدان ومصابون في قصف إسرائيلي استهدف خيمة تؤوي نازحين في دير البلح وسط قطاع غزة,Real
196,2024-11-11,AJPalestine,عاجل | الرئيس الفلسطيني,عاجل | الرئيس الفلسطيني: - يجب تنفيذ قرار مجلس الأمن بوقف العدوان الإسرائيلي وإيصال المساعدات لغزة وانسحاب الاحتلال - الواجب العربي والإسلامي يفرض علينا التحلي بأعلى درجات التضامن - يجب الحفاظ على الوضع التاريخي والقانوني لمدينة القدس - يجب تولي دولة فلسطين مسؤولياتها السيادية وإعادة النازحين إلى بيوتهم قبل إعادة الإعمار - يجب رفض المخططات الإسرائيلية الهادفة إلى فصل غزة عن القدس ووقف الاستيطان,Real
197,2024-11-04,AJPalestine,عاجل | هآرتس,عاجل | هآرتس: - تقديرات بأن المعلومات المسربة تم التلاعب بها لتشويه بعض التفاصيل للتأثير في موقف الرأي العام بإسرائيل - خطورة قضية التسريبات تكمن في استخدام معلومات حساسة للنظام الأمني ما قد يعرض مصادر الاستخبارات للخطر,Real
198,2024-11-28,AJPalestine,عاجل | الجيش اللبناني,عاجل | الجيش اللبناني: - العدو الإسرائيلي خرق اتفاق وقف إطلاق النار مرات عدة أمس واليوم - العدو الإسرائيلي استهدف أراضينا بأسلحة مختلفة ونتابع خروقاته بالتنسيق مع المراجع المختصة,Real
199,2024-11-08,AJPalestine,عاجل | الجبهة الداخلية الإسرائيلية,عاجل | الجبهة الداخلية الإسرائيلية: صفارات الإنذار تدوي في شلومي ومناطق بالجليل خشية تسلل مسيرات من #لبنان,Real
200,2024-11-04,AJPalestine,عاجل | واللا عن مسؤولين بقيادة منطقة الجنوب,عاجل | واللا عن مسؤولين بقيادة منطقة الجنوب: حدود إسرائيل مع #الأردن مكشوفة لتسلل الإرهابيين وهجوم 7 أكتوبر قد يتكرر,Real
201,2024-11-02,AJPalestine,عاجل | إذاعة الجيش الإسرائيلي عن مصدر عسكري,عاجل | إذاعة الجيش الإسرائيلي عن مصدر عسكري: طائرات مقاتلة تشارك في مطاردة مسيرات في منطقة عكا والحدث لا يزال مستمرا,Real
202,2024-11-05,AJPalestine,عاجل | مراسل #الجزيرة,عاجل | مراسل #الجزيرة: قصف إسرائيلي متواصل وإطلاق نار مباشر على مستشفى كمال عدوان شمالي قطاع غزة,Real
203,2024-11-09,AJPalestine,المفوض العام للأونروا:,المفوض العام للأونروا: - إسرائيل استخدمت الجوع كسلاح ومن المحتمل حدوث مجاعة في شمال غزة - أهل غزة محرومون من الأساسيات بما في ذلك الطعام اللازم للبقاء على قيد الحياة #الجزيرة,Real
204,2024-11-24,AJPalestine,عاجل | سامي أبو زهري,عاجل | سامي أبو زهري: حرب الإبادة التي يشنها الاحتلال تتزامن مع الموقف العربي والإسلامي الذي يتسم بالضعف و الخذلان,Real
205,2024-11-13,AJPalestine,عاجل | وسائل إعلام إسرائيلية,عاجل | وسائل إعلام إسرائيلية: سقوط صواريخ شمال تل أبيب أطلقت من #لبنان,Real
206,2024-11-23,AJPalestine,عاجل | مصدر أمني لبناني للجزيرة,عاجل | مصدر أمني لبناني للجزيرة: لا صحة لوجود قيادي من #حزب_الله بمبنى استهدفته غارة إسرائيلية في منطقة البسطا ببيروت,Real
207,2024-11-30,Misbar,الصورة منشورة من قبل الموقع الرسمي لقوات الديمقراطية قسد في عام 2022 على أنها تو,الصورة منشورة من قبل الموقع الرسمي لقوات الديمقراطية قسد في عام 2022 على أنها توثق اعتقال خلية لداعش التفاصيل كاملة عبر تحقيق,Fake
208,2024-11-09,Misbar,هذه المظاهرة جاءت بعد قمع الشرطة الهولندية لطلاب جامعيين خرجوا في احتجاجات تندد,هذه المظاهرة جاءت بعد قمع الشرطة الهولندية لطلاب جامعيين خرجوا في احتجاجات تندد بالحرب الإسرائيلية الجارية على قطاع غزة وليست بعد الاشتباكات مع مشجعي فريق مكابي تل أبيب ومقيمين من الجالية العربية للمزيد من التفاصيل,Fake
209,2024-11-12,AJPalestine,عاجل | يسرائيل هيوم,عاجل | يسرائيل هيوم: تحطم مسيرة أطلقت من #لبنان على مدرسة في جيشر هزيف شمال نهاريا,Real
210,2024-11-13,AJPalestine,عاجل | الجيش الإسرائيلي,عاجل | الجيش الإسرائيلي: مقتل 6 جنود في جنوب #لبنان #الجزيرة,Real
211,2024-11-07,AJPalestine,عاجل | مراسل #الجزيرة,عاجل | مراسل #الجزيرة: 10 شهداء و30 مصابا في الغارة الإسرائيلية على مدرسة شحيبر التي تؤوي نازحين بمخيم الشاطئ غرب غزة,Real
212,2024-11-26,AJPalestine,عاجل | وسائل إعلام إسرائيلية,عاجل | وسائل إعلام إسرائيلية: صفارات الإنذار تدوي في عشرات المواقع بالجليل الغربي وسلاح الجو لا يزال يطارد مسيرات عدة,Real
213,2024-11-03,AJPalestine,عاجل | حزب الله,عاجل | حزب الله: قصفنا للمرة الثانية بالصواريخ تجمعا لجيش العدو الإسرائيلي في مستعمرة المطلة,Real
214,2024-11-10,AJPalestine,عاجل | مراسل #الجزيرة,عاجل | مراسل #الجزيرة: شهداء وعدد من المصابين في قصف إسرائيلي على فلسطينيين في بيت لاهيا شمالي قطاع غزة,Real
215,2024-11-18,AJPalestine,عاجل | مراسل #الجزيرة,عاجل | مراسل #الجزيرة: محاصرون في بيت لاهيا يناشدون السماح لسيارات الإسعاف بالوصول للمنطقة بعد القصف,Real
216,2024-11-25,AJPalestine,عاجل | سرايا القدس,عاجل | سرايا القدس: نخوض اشتباكات ضارية مع جنود وآليات العدو المتوغلين في منطقة الشيماء غرب بيت لاهيا شمال قطاع غزة,Real
217,2024-11-14,AJPalestine,جانب من حياة بعض الأطفال الذين تمكنوا من الوصول إلى بقايا مدرسة مدمرة,جانب من حياة بعض الأطفال الذين تمكنوا من الوصول إلى بقايا مدرسة مدمرة بمساعدة بعض المدرسين لإكمال المسيرة التعليمية برغم استمرار الحرب #حرب_غزة #فيديو,Real
218,2024-11-16,AJPalestine,عاجل | الجبهة الداخلية الإسرائيلية,عاجل | الجبهة الداخلية الإسرائيلية: إطلاق صفارات الإنذار في منطقة المنارة بالجليل الأعلى,Real
219,2024-11-29,AJPalestine,عاجل | يسرائيل هيوم,عاجل | يسرائيل هيوم: المدعي العام للجنائية الدولية يطلب رفض الاستئناف الإسرائيلي على قرار اعتقال نتنياهو وغالانت,Real
220,2024-11-03,AJPalestine,عاجل | مراسل #الجزيرة,عاجل | مراسل #الجزيرة: 4 شهداء ومصابون في قصف إسرائيلي استهدف منزلا لعائلة أبو نادي في مخيم جباليا شمالي قطاع غزة,Real
221,2024-11-17,AJPalestine,عاجل | القناة 12 الإسرائيلية,عاجل | القناة 12 الإسرائيلية: - تسريب الوثائق السرية تم بواسطة مستشار رئيس الوزراء نتنياهو وجنود من الجيش الإسرائيلي - المتحدث باسم نتنياهو لم ينشر التسريبات في إسرائيل بسبب الرقابة لذلك سربها للخارج - تسريب الوثائق جاء بعد مقتل 6 رهائن في قطاع غزة وما تلاه من مظاهرات عارمة ضد الحكومة - هدف تسريب الوثائق هو اتهام يحيى السنوار بقتل الأسرى الستة وتوجيه الرأي العام في إسرائيل,Real
222,2024-11-12,AJPalestine,عاجل | أكسيوس عن المبعوث الأمريكي هوكستين,عاجل | أكسيوس عن المبعوث الأمريكي هوكستين: هناك فرصة للتوصل إلى اتفاق لوقف إطلاق النار في #لبنان قريبا ومفعمون بالأمل,Real
223,2024-11-07,AJPalestine,عاجل | - وزير الخارجية الفرنسي: رفضت دخول موقع تحت الإدارة الفرنسية في جبل الزيتون بالقدس لوجود قوا,عاجل | - وزير الخارجية الفرنسي: رفضت دخول موقع تحت الإدارة الفرنسية في جبل الزيتون بالقدس لوجود قوات أمن إسرائيلية - الخارجية الفرنسية: الأمن الإسرائيلي اعتقل مسؤولين فرنسيين اثنين يعملان في موقع تديره فرنسا بجبل الزيتون #الجزيرة,Real
224,2024-11-20,AJPalestine,الاحتلال المباشر لطواقم الدفاع المدني في #غزة,شهادة صحفي فلسطيني عن استهداف الاحتلال المباشر لطواقم الدفاع المدني في #غزة #الجزيرة #فيديو,Real
225,2024-11-14,AJPalestine,عاجل | إذاعة الجيش الإسرائيلي,عاجل | إذاعة الجيش الإسرائيلي: - الجيش سيضيف 600 قبر جديد للجنود في المقبرة العسكرية بجبل هرتسل في القدس - سيتم تحويل مساحة 7.7 دونم بجبل هرتسل لوزارة الدفاع من أجل توفير مكان لدفن قتلى الجيش,Real
226,2024-11-13,AJPalestine,عاجل | مصادر طبية للجزيرة,عاجل | مصادر طبية للجزيرة: 33 شهيدا إثر غارات إسرائيلية على مناطق في قطاع غزة منذ فجر اليوم,Real
227,2024-11-24,AJPalestine,عاجل | مراسل #الجزيرة,عاجل | مراسل #الجزيرة: انتشال جثماني شهيدين إثر قصف إسرائيلي على منطقة الصفطاوي شمال غربي مدينة غزة,Real
228,2024-11-29,AJPalestine,عاجل | الأمين العام لحزب الله,عاجل | الأمين العام لحزب الله: سنتابع مع أهلنا عملية الإعمار ولدينا الآليات المناسبة وسنتعاون مع الدولة,Real
229,2024-11-01,Misbar,الفيديو مفبرك باستخدام الذكاء الاصطناعي انطلاقا من مقطع مجتزئ من مقابلة مع أفيخا,الفيديو مفبرك باستخدام الذكاء الاصطناعي انطلاقا من مقطع مجتزئ من مقابلة مع أفيخاي أدرعي في سبتمبر عام 2022 أي قبل أكثر من سنة من بدء الحرب الإسرائيلية الجارية على قطاع غزة ما تفاصيل أنباء رسو السفينة كاثرين في ميناء الإسكندرية اقرأ هنا,Fake
230,2024-11-13,AJPalestine,عاجل | نيويورك تايمز عن وثائق قضائية,عاجل | نيويورك تايمز عن وثائق قضائية: المتهم بتسريب خطط إسرائيل للرد على هجوم #إيران مسؤول في السي آي إيه,Real
231,2024-11-07,AJPalestine,مطار بن غوريون.. رئة إسرائيل المشلولة,مطار بن غوريون.. رئة إسرائيل المشلولة ماذا تعرفون عنه؟ #حرب_غزة,Real
232,2024-11-13,AJPalestine,عاجل | رويترز,عاجل | رويترز: 100 طالب يحتلون مقر مجموعة ليوناردو الدفاعية الإيطالية تنديدا بتقديمها مساعدة تقنية عسكرية لإسرائيل #الجزيرة,Real
233,2024-11-03,AJPalestine,عاجل | وول ستريت جورنال عن مسؤولين,عاجل | وول ستريت جورنال عن مسؤولين: إيران أبلغت دبلوماسيين أنها فقدت 4 جنود ومدنيا في الهجوم الإسرائيلي,Real
234,2024-11-23,Misbar,الصورة الأولى التقطها المصور محمود همص لصالح وكالة فرانس برس ونشرتها وكالة غيتي,الصورة الأولى التقطها المصور محمود همص لصالح وكالة فرانس برس ونشرتها وكالة غيتي إميجز مشيرة إلى أنها تظهر أفراد عائلة الزناتي أثناء نقلهم جثامين أطفال قتلوا إثر غارة إسرائيلية بتاريخ 23 أكتوبر 2023 استعدادا لدفنهم في مقبرة بخان يونس إليك التفاصيل,Fake
235,2024-11-08,AJPalestine,الجيش الإسرائيلي بوتيرته الحالية في قطاع #غزة ولبنان في,كم سيستمر تصعيد الجيش الإسرائيلي بوتيرته الحالية في قطاع #غزة ولبنان في ظل الأوضاع الحادة في الميدان؟.. الخبير العسكري والاستراتيجي حسن جوني يجيب #حرب_غزة #الأخبار,Real
236,2024-11-05,AJPalestine,عاجل | يسرائيل كاتس,عاجل | يسرائيل كاتس: أشكر نتنياهو على ثقته وأقبل بالمسؤولية المقدسة وسنعمل معا على دفع المنظومة الأمنية نحو النصر,Real
237,2024-11-23,AJPalestine,عاجل | الرئيس الكولومبي للجزيرة,عاجل | الرئيس الكولومبي للجزيرة: الدول التي تحلم بالسيطرة على العالم تزيد التوترات والحروب حفاظا على سيادتها وتحكمها,Real
238,2024-11-22,AJPalestine,الاحتلال منزل عائلة أبو عصر في حي الشجاعية,انتشال عدد من الشهداء والإصابات بعد استهداف طائرات الاحتلال منزل عائلة أبو عصر في حي الشجاعية #الجزيرة #فيديو,Real
239,2024-11-30,AJPalestine,قـ.ـائد الحـ.ـرس الثـ.ـوري الإيراني:,"قـ.ـائد الحـ.ـرس الثـ.ـوري الإيراني: - ""المسلحون الذين سيطروا مؤخرا على مناطق في #سوريا يخضعون لقيادة وتوجيهات إسرائيلية"" - ""الإرهابيون قرروا الهجوم على سوريا بعد الإخفاقات الاستراتيجية لإسرائيل بلبنان وغزة"" #الجزيرة",Real
240,2024-11-04,AJPalestine,الاحتلال الاتفاقية التي تنظم عمل الأونروا استخفاف بالمجتمع,حـ.ماس: - إلغاء سلطات الاحتلال الاتفاقية التي تنظم عمل الأونروا استخفاف بالمجتمع الدولي وازدراء للمنظومة الأممية - قرار إلغاء اتفاقية عمل الأونروا محاولة صهيونية لطمس الشاهد الدولي والأممي على قضية اللاجئين الفلسطينيين - على المجتمع الدولي والأمم المتحدة الوقوف بشكل حازم أمام القرار الصهيوني المتمرد على الشرعية الدولية,Real
241,2024-11-15,AJPalestine,سـ.ـرايا القدس تبث شريطا للأسير المحتجز لديها ألكسندر توربانوف يناشد ف,سـ.ـرايا القدس تبث شريطا للأسير المحتجز لديها ألكسندر توربانوف يناشد فيه المسؤولين الإسرائليين بإنقاذ حياته #الجزيرة,Real
242,2024-11-09,AJPalestine,عاجل | مصادر للجزيرة,عاجل | مصادر للجزيرة: قوات الاحتلال تجدد اقتحام عقابا شمال غرب طوباس,Real
243,2024-12-21,Misbar,نشرت وسائل إعلام يمنية الفيديو في مارس الفائت وقالت إنه لاندلاع اشتباكات عنيفة ب,نشرت وسائل إعلام يمنية الفيديو في مارس الفائت وقالت إنه لاندلاع اشتباكات عنيفة بين قوات أمنية تابعة للمجلس الانتقالي وعناصر من فصائل اللواء الرابع في مديرية دار سعد في محافظة حينها اقرأ التفاصيل,Fake
244,2024-11-02,AJPalestine,عاجل | حزب الله,عاجل | حزب الله: قصفنا بالصواريخ تجمعا لجنود العدو الإسرائيلي في موقع جل الدير مقابل بلدة مارون الراس,Real
245,2024-11-25,Misbar,المقطع الصوتي للأذان المركب على الفيديو يعود للشيخ يوسف ياسين وليس لتغيير الأذان,المقطع الصوتي للأذان المركب على الفيديو يعود للشيخ يوسف ياسين وليس لتغيير الأذان في قطاع غزة ورفعه بعبارات جديدة أما المقطع الأصلي يعود إلى الأول من مارس عام 2024 وهو لفلسطينيين يؤدون صلاة الجمعة على أنقاض مسجد الفاروق في تفاصيل أوفى,Fake
246,2024-12-28,Misbar,فيسبوك يقيد صفحات إخبارية فلسطينية منذ بداية الحرب على التفاصيل كاملة عبر تقرير,فيسبوك يقيد صفحات إخبارية فلسطينية منذ بداية الحرب على التفاصيل كاملة عبر تقرير مسبار,Fake
247,2024-11-11,AJPalestine,غارات إسرائيلية وقصف مدفعي على المناطق الشمالية في قطاع #غزة.. مراسل #,غارات إسرائيلية وقصف مدفعي على المناطق الشمالية في قطاع #غزة.. مراسل #الجزيرة محمد قريقع يطلعنا على التفاصيل #حرب_غزة #الأخبار,Real
248,2024-11-15,AJPalestine,عاجل | وول ستريت جورنال,عاجل | وول ستريت جورنال: - الخطوط العريضة لاقتراح التسوية تقضي بمنع الجيش اللبناني واليونيفيل #حزب_الله من العودة جنوبا - نقطة شائكة في التسوية هي ضمان فرض إسرائيل وقف إطلاق النار إذا فشلت اليونيفيل والجيش اللبناني - تسعى إسرائيل لمساعدة من القوات الروسية بسوريا لمنع #حزب_الله من تجديد مخزون أسلحته بالتهريب - توغل إسرائيل في #لبنان للضغط على #حزب_الله بشأن التسوية محفوف بالمخاطر - مسؤولون أمنيون إسرائيليون يخشون أن يقود توسيع إسرائيل عمليتها في #لبنان إلى حرب استنزاف - الرئيس المنتخب ترمب أعرب لديرمر عن أمله في إنجاز التسوية مع #لبنان قبل وصوله للبيت الأبيض,Real
249,2024-11-24,AJPalestine,عاجل | أبو زهري,عاجل | أبو زهري: ندعو المتضامنين مع شعبنا بالدول العربية والإسلامية والعالم لتصعيد احتجاجاتهم في 30 نوفمبر و1 ديسمبر,Real
250,2024-11-29,AJPalestine,عاجل | مكتب الإعلام الحكومي في غزة,عاجل | مكتب الإعلام الحكومي في غزة: شعبنا وصل إلى مرحلة كارثية من الجوع والمعاناة ونطالب بتدخل برنامج الأغذية العالمي,Real
251,2024-11-02,AJPalestine,مراسل #الجزيرة: غارة إسرائيلية على سيارة إسعاف أثناء نقلها مصابين في م,مراسل #الجزيرة: غارة إسرائيلية على سيارة إسعاف أثناء نقلها مصابين في منطقة أبو إسكندر بحي الشيخ رضوان في غزة,Real
252,2024-11-09,AJPalestine,عاجل | مراسل #الجزيرة,عاجل | مراسل #الجزيرة: غارتان إسرائيليتان على مدينة غزة,Real
253,2024-11-01,AJPalestine,الاحتلال جباليا وعملية نزوحهم من شمال غزة,أصوات من غزة | شهادات جرحى أصيبوا أثناء اقتحام الاحتلال جباليا وعملية نزوحهم من شمال غزة #الأخبار #حرب_غزة,Real
254,2024-11-02,AJPalestine,عاجل | هيئة عائلات الأسرى الإسرائيليين في غزة,عاجل | هيئة عائلات الأسرى الإسرائيليين في غزة: السلطات في إسرائيل تدير حملة دعائية كاذبة وبشعة ضد صفقة التبادل,Real
255,2024-12-07,Misbar,نشر مقطع الفيديو في نوفمبر عام 2016 ويظهر اعترافات أسرى عراقيين من حركة النجباء,نشر مقطع الفيديو في نوفمبر عام 2016 ويظهر اعترافات أسرى عراقيين من حركة النجباء بعد اعتقالهم على يد فصائل المعارضة أثناء محاولتهم التقدم خلال معارك قوات النظام السوري والميليشيات التابعة له مع فصائل المعارضة السورية المسلحة في حلب حينها للتفاصيل,Fake
256,2024-11-16,AJPalestine,استطلاع رأي للقناة 12 الإسرائيلية:,استطلاع رأي للقناة 12 الإسرائيلية: - 46% من أنصار نتنياهو يؤيدون صفقة تبادل و36% يدعمون خيار مواصلة الحرب بغزة - 69% من الإسرائيليين يؤيدون صفقة تبادل و20% يدعمون مواصلة الحرب بغزة #الجزيرة,Real
257,2024-12-15,Misbar,نشر الفيديو الأصلي على يوتيوب في فبراير 2019 على أنه يوثق لحظة اعتقال السلطات ال,نشر الفيديو الأصلي على يوتيوب في فبراير 2019 على أنه يوثق لحظة اعتقال السلطات الجزائرية للشيخ علي بن حاج من أمام منزله صباح مظاهرات 22 فبراير 2019 للمزيد عبر تحقيق,Fake
258,2024-12-28,Misbar,الصورة تظهر طائرة نقل عسكرية مدمرة تابعة للقوات الجوية اليمنية على مدرج بعد استه,الصورة تظهر طائرة نقل عسكرية مدمرة تابعة للقوات الجوية اليمنية على مدرج بعد استهدافها في غارة جوية نفذتها قوات التحالف بقيادة في 29 إبريل 2015 تفاصيل أوفى,Fake
259,2024-11-22,AJPalestine,عاجل | الجبهة الداخلية الإسرائيلية,عاجل | الجبهة الداخلية الإسرائيلية: - صفارات الإنذار تدوي بشكل متواصل في نهاريا وبلدات بالجليل بعد رصد تسلل مسيرة - صفارات الإنذار تدوي في حانيتا وشلومي شمال إسرائيل خشية تسلل مسيرة - صفارات الإنذار تدوي في عدة بلدات بالجليل الغربي بعد رصد تسلل مسيرة,Real
260,2024-11-29,AJPalestine,الجيش الإسرائيلي,"""كمين لاستهداف دورية شرطة وحافلة"".. إذاعة الجيش الإسرائيلي: إصابة 9 إسرائيليين بإطلاق نار على حافلة قرب مستوطنة أرئيل حالة 3 منهم خطيرة وقتل منفذ العملية #حرب_غزة #الأخبار",Real
261,2024-11-12,AJPalestine,عاجل | ترمب,عاجل | ترمب: قررت تعيين مايك والتز مستشارا للأمن القومي,Real
262,2024-11-10,Misbar,كتاب حرب سرديته تصور إسرائيل كمدافع أخلاقي عن أمنها بينما يتم تهميش المعاناة الإ,كتاب حرب سرديته تصور إسرائيل كمدافع أخلاقي عن أمنها بينما يتم تهميش المعاناة الإنسانية للفلسطينيين وتبنيه ازدواجية معايير في تناول الحرب على وأوكرانيا استعرض الكتاب الذي أصدره الصحفي الاستقصائي الأميركي بوب وودوارد ويقدم لكم ملخصا لما وجده فيه التفاصيل,Fake
263,2024-11-28,Misbar,موجة من التصريحات الإسرائيلية المضللة ضد المحكمة الجنائية الدولية بعد إصدار مذكر,موجة من التصريحات الإسرائيلية المضللة ضد المحكمة الجنائية الدولية بعد إصدار مذكرتي اعتقال و ما القصة التفاصيل عبر تحقق,Fake
264,2024-11-25,Misbar,شن جيش الاحتلال الإسرائيلي عدة غارات عنيفة على منطقتي الحدث وشويفات العمروسية با,شن جيش الاحتلال الإسرائيلي عدة غارات عنيفة على منطقتي الحدث وشويفات العمروسية بالضاحية الجنوبية للعاصمة اللبنانية إلا أن هذا الفيديو قديم ويوثق لحظة انفجار مرفأ بيروت في عام 2020 تفاصيل أوفى,Fake
265,2024-11-01,AJPalestine,عاجل | مصدر مقرب من رئيس البرلمان اللبناني للجزيرة,عاجل | مصدر مقرب من رئيس البرلمان اللبناني للجزيرة: تم التوافق مع هوكستين في #بيروت على بنود تنفذ خلال 60 يوما,Real
266,2024-11-30,AJPalestine,عاجل | البيت الأبيض,عاجل | البيت الأبيض: سنستخدم إجراءات قانونية وتدابير أخرى للضغط على حماس للإفراج عن الرهائن,Real
267,2024-11-15,AJPalestine,مراسلة #الجزيرة: غارة إسرائيلية على برج البراجنة في الضاحية الجنوبية ل,مراسلة #الجزيرة: غارة إسرائيلية على برج البراجنة في الضاحية الجنوبية لبيروت #الأخبار #حرب_غزة,Real
268,2024-11-14,AJPalestine,صحيفة هآرتس تنشر مقالا يستبعد إقدام #بايدن على خطوات كبيرة لصالح الفلس,صحيفة هآرتس تنشر مقالا يستبعد إقدام #بايدن على خطوات كبيرة لصالح الفلسطينيين خلال الفترة المتبقية له في الحكم.. تعرف على أبرز ما ورد في الصحافة العالمية بشأن التصعيد الإسرائيلي في #غزة والشرق الأوسط #حرب_غزة #الأخبار,Real
269,2024-11-12,AJPalestine,"المتحدث العسكري باسم أنصـ.ـار الله: ""استهدفنا حاملة الطائرات الأمريكية","المتحدث العسكري باسم أنصـ.ـار الله: ""استهدفنا حاملة الطائرات الأمريكية أبراهام بطائرات مسيرة، ومدمرتين أمريكيتين بصواريخ باليستية ومسيرات في البحر الأحمر"" #حرب_غزة #الأخبار",Real
270,2025-01-03,Misbar,الهاسبارا مساعي لإعادة تشكيل الرأي العالمي خلال الحرب على غزة إسرائيل تدرس إنفاق,الهاسبارا مساعي لإعادة تشكيل الرأي العالمي خلال الحرب على غزة إسرائيل تدرس إنفاق 150 مليون دولار لميزانية الدبلوماسية العامة في عام 2025 للتأثير على الرأي العام العالمي بشأن حربها الجارية في غزة يطلعكم بهذا المقال على التفاصيل,Fake
271,2024-12-01,Misbar,نشر الفيديو المتداول لأول مرة في 17 أكتوبر الفائت على أنه لإرسال تعزيزات من القو,نشر الفيديو المتداول لأول مرة في 17 أكتوبر الفائت على أنه لإرسال تعزيزات من القوة المشتركة التابعة للجيش الوطني السوري إلى عفرين وأعزاز في محافظة خلال اشتباكات مع فصيل مسلح حينها للمزيد,Fake
272,2024-11-26,AJPalestine,عاجل | نتنياهو,عاجل | نتنياهو: - المجلس الوزاري المصغر وافق على وقف إطلاق النار في #لبنان - سنضرب حـ.زب الله إذا انتهك اتفاق وقف إطلاق النار في #لبنان - سنرد بقوة على كل خرق للاتفاق من قبل حـ.زب الله - قلت مرارا إن الاتفاق الجيد هو الذي يمكن تطبيقه ونحن سنطبقه ونعيد سكان الشمال - نحتفظ بحرية العمل العسكري إذا خرق حـ.زب الله الاتفاق - اتفاق وقف إطلاق النار يعني أننا سنركز على التهديد الإيراني الآن,Real
273,2024-11-28,AJPalestine,الإعلام الإسرائيلي يناقش وقف إطلاق النار في لبنان وسط امتعاض عسكري من,الإعلام الإسرائيلي يناقش وقف إطلاق النار في لبنان وسط امتعاض عسكري من نتائج الحرب #الأخبار #حرب_غزة,Real
274,2024-11-25,AJPalestine,عاجل | بلدية غزة,عاجل | بلدية غزة: النزوح القسري لسكان محافظة شمال غزة يفاقم الأزمات الصحية والبيئية ويزيد الضغط على الخدمات الأساسية,Real
275,2024-11-11,AJPalestine,عاجل | الجبهة الداخلية الإسرائيلية,عاجل | الجبهة الداخلية الإسرائيلية: إطلاق صفارات الإنذار في بلدات بالجليل الغربي بعد تسلل مسيرة من #لبنان,Real
276,2024-12-06,Misbar,نشرت حسابات على مواقع التواصل الاجتماعي الفيديو في إبريل عام 2019 على أنه من اشت,نشرت حسابات على مواقع التواصل الاجتماعي الفيديو في إبريل عام 2019 على أنه من اشتباكات بين وحدات حماية الشعب الكردية وبين الجيش التركي في شمال شرقي حينها تفاصيل أكثر,Fake
277,2024-11-12,AJPalestine,صور مباشرة تُظهر آثار القصف الإسرائيلي على الضاحية الجنوبية لبيروت.. م,صور مباشرة تُظهر آثار القصف الإسرائيلي على الضاحية الجنوبية لبيروت.. مراسلنا جوني طانيوس يرصد آخر المستجدات #الأخبار,Real
278,2024-11-29,AJPalestine,عاجل | الأمين العام لحزب الله,عاجل | الأمين العام لحزب الله: لم نرد الحرب من البداية ولكن نتيجتها بإيقافها أردناه من موقع قوتنا وتحت النار,Real
279,2024-11-27,AJPalestine,عاجل | الجيش اللبناني,عاجل | الجيش اللبناني: - باشرنا تعزيز انتشارنا بجنوب الليطاني وبسط سلطة الدولة بالتنسيق مع اليونيفيل - الوحدات العسكرية المعنية تنتقل من مناطق عدة إلى جنوب الليطاني وستتمركز في المواقع المحددة لها,Real
280,2024-11-01,AJPalestine,عاجل | أ ب عن مسؤول عسكري أمريكي,عاجل | أ ب عن مسؤول عسكري أمريكي: المسيرات تمثل مشكلة منذ هجوم حماس وهي ليست ردا من #إيران على الهجوم الإسرائيلي,Real
281,2024-11-04,Misbar,لبنان في المرتبة الأولى وفلسطين في المرتبة الثانية إليكم قائمة بالدول التي نشرت,لبنان في المرتبة الأولى وفلسطين في المرتبة الثانية إليكم قائمة بالدول التي نشرت حولها أخبار زائفة في شهر أكتوبر 2024 تفاصيل أوفى عبر مقال,Fake
282,2024-11-22,AJPalestine,عاجل | حزب الله,عاجل | حزب الله: قصفنا بدفعة صواريخ نوعية قاعدة ستيلا ماريس شمال غرب مدينة حيفا المحتلة,Real
283,2024-11-03,AJPalestine,عاجل | وزارة الصحة اللبنانية,عاجل | وزارة الصحة اللبنانية: استشهاد مسعفين اثنين في غارة إسرائيلية على بلدة البازورية جنوبي البلاد,Real
284,2024-11-01,AJPalestine,وسائل إعلام إسرائيلية: رصد نحو 30 صاروخا أطلقت من جنوب لبنان باتجاه مر,وسائل إعلام إسرائيلية: رصد نحو 30 صاروخا أطلقت من جنوب لبنان باتجاه مركز الجليل #الأخبار #حرب_غزة,Real
285,2024-11-14,AJPalestine,مشاهد توثق اللحظات الأولى بعد قصف إسرائيلي استهدف مركزا تابعا للدفاع ا,مشاهد توثق اللحظات الأولى بعد قصف إسرائيلي استهدف مركزا تابعا للدفاع المدني في بعلبك اللبنانية #الأخبار #حرب_غزة,Real
286,2024-11-03,AJPalestine,عاجل | حزب الله,عاجل | حزب الله: قصفنا مستعمرة نطوفا نيمرا برشقة صاروخية,Real
287,2024-11-09,AJPalestine,عاجل | مصادر طبية للجزيرة,عاجل | مصادر طبية للجزيرة: 25 شهيدا في غارات إسرائيلية على قطاع غزة منذ فجر اليوم 16 منهم شمالي القطاع,Real
288,2024-11-28,AJPalestine,عاجل | الجيش الإسرائيلي,عاجل | الجيش الإسرائيلي: أحبطنا بغارة جوية نشاطا إرهابيا داخل موقع لحزب الله فيه صواريخ متوسطة المدى جنوبي #لبنان,Real
289,2025-01-06,Misbar,الفيديو منشور منذ نوفمبر الفائت أي قبل سقوط نظام الأسد ويوثق دفع وركل عناصر من ا,الفيديو منشور منذ نوفمبر الفائت أي قبل سقوط نظام الأسد ويوثق دفع وركل عناصر من الشرطة الألمانية متظاهرات مساندات لـ رفعن العلم الفلسطيني ومعاملتهن بعنف في العاصمة الألمانية للمزيد,Fake
290,2024-11-01,AJPalestine,عاجل | وسائل إعلام إسرائيلية,عاجل | وسائل إعلام إسرائيلية: 9 مصابين إثر إطلاق صواريخ على الجليل,Real
291,2024-12-13,Misbar,نشرت قناة على موقع يوتيوب الفيديو عام 2013 وقالت إنه يظهر سجينا سوريا حرا يحقق م,نشرت قناة على موقع يوتيوب الفيديو عام 2013 وقالت إنه يظهر سجينا سوريا حرا يحقق مع سجانه الذي قام بتعذيبه وذلك في أعقاب الأحداث التي تلت الانتفاضة الشعبية في منذ عام 2011 اقرأ أكثر,Fake
292,2024-12-09,Misbar,نشرت وسائل إعلام سورية الفيديو في 28 إبريل 2022 نقلا عن صحيفة ذا غارديان البريطا,نشرت وسائل إعلام سورية الفيديو في 28 إبريل 2022 نقلا عن صحيفة ذا غارديان البريطانية إذ كشفت عما وصفته بـ مجزرة ارتكبها عنصر من مخابرات بحق 41 شخصا في جنوبي دمشق يوم 13 إبريل عام 2013 للمزيد,Fake
293,2024-11-27,Misbar,بعد إصابة 15 فلسطينيا في بسبب سقوط شظايا صاروخ على منزل غير مأهول تناقضت الروايا,بعد إصابة 15 فلسطينيا في بسبب سقوط شظايا صاروخ على منزل غير مأهول تناقضت الروايات الإعلامية العربية هل هو صاروخ من حزب الله أم صاروخ اعتراضي إسرائيلي إليكم مظاهر التناقض التي رصدها لدى بعض وسائل الإعلام العربية في تغطيتها للحادثة,Fake
294,2024-11-17,AJPalestine,عاجل | مراسل #الجزيرة,عاجل | مراسل #الجزيرة: استشهاد فلسطيني بنيران مسيرة إسرائيلية في منطقة قيزان النجار جنوبي قطاع غزة,Real
295,2024-11-19,AJPalestine,عبر الخريطة التفاعلية.. حـ.زب الله يطلق سرب من المسيرات تجاه الأراضي ا,عبر الخريطة التفاعلية.. حـ.زب الله يطلق سرب من المسيرات تجاه الأراضي المحتلة #الأخبار #حرب_غزة,Real
296,2024-11-13,AJPalestine,عاجل | الجبهة الداخلية الإسرائيلية,عاجل | الجبهة الداخلية الإسرائيلية: صفارات إنذر تدوي في أفيفيم في الجليل الأعلى #الجزيرة,Real
297,2024-11-24,Misbar,دعوى جنوب أفريقيا ومذكرات اعتقال نتنياهو وغالانت تعرف في هذا المنشور على الفرق ب,دعوى جنوب أفريقيا ومذكرات اعتقال نتنياهو وغالانت تعرف في هذا المنشور على الفرق بين دعوى جنوب أفريقيا وقرار المحكمة الجنائية الدولية,Fake
298,2024-11-23,AJPalestine,عاجل | ليبرمان,عاجل | ليبرمان: أعمال الشغب العنيفة ضد قائد المنطقة المركزية وضباط الجيش الإسرائيلي في الخليل عمل إجرامي,Real
299,2024-11-10,AJPalestine,توترات بين فرنسا وإسرائيل بعد اقتحام واحتجاز فرنسيين في كنيسة إليونة ا,توترات بين فرنسا وإسرائيل بعد اقتحام واحتجاز فرنسيين في كنيسة إليونة التي تعد واحدة من أصل 4 مواقع تحت سلطة فرنسا في القدس.. تعرف على هذه المواقع وتاريخها #ألبوم,Real
300,2024-11-12,AJPalestine,"""القسـ.ـام"". تنشر مشاهد لطائرة ""كواد كابتر"" إسرائيلية تم الاستيلاء علي","""القسـ.ـام"". تنشر مشاهد لطائرة ""كواد كابتر"" إسرائيلية تم الاستيلاء عليها خلال مهمة استخباراتية لها وسط مخيم جباليا شمال القطاع #فيديو #حرب_غزة",Real
301,2024-11-25,AJPalestine,عاجل | فايننشال تايمز عن الأونروا,عاجل | فايننشال تايمز عن الأونروا: سكان غزة الذين يعانون سوء التغذية يواجهون خطرا إضافيا للإصابة بالأمراض في الشتاء,Real
302,2024-11-04,AJPalestine,عاجل | هيئة البث الإسرائيلية,عاجل | هيئة البث الإسرائيلية: رئيس الشاباك ناقش مع وزراء بالحكومة مبادرات لتعزيز صفقة للإفراج عن الأسرى,Real
303,2024-11-24,AJPalestine,عاجل | مراسل #الجزيرة,عاجل | مراسل #الجزيرة: الجيش الإسرائيلي ينسف مباني سكنية غربي مدينة #رفح جنوبي قطاع غزة,Real
304,2024-11-22,AJPalestine,المتحدث باسم الأمين العام للأمم المتحدة:,المتحدث باسم الأمين العام للأمم المتحدة: - عمليات الإغاثة في جميع أنحاء غزة تواجه قيودا كبيرة - السكان في جميع أنحاء قطاع غزة بحاجة ماسة إلى مأوى مع اقتراب الشتاء,Real
305,2024-12-14,Misbar,تم تركيب وجه على صورة للرئيس الجورجي السابق ميخائيل ساكاشفيلي أثناء اعتقاله من ش,تم تركيب وجه على صورة للرئيس الجورجي السابق ميخائيل ساكاشفيلي أثناء اعتقاله من شقته في العاصمة الأوكرانية كييف عام 2017 للاشتباه في مساعدته منظمة على محاولة الإطاحة بحكومة الرئيس الأوكراني آنذاك بيترو بوروشينكو للتفاصيل,Fake
306,2024-11-11,AJPalestine,عاجل | الجيش الإسرائيلي,عاجل | الجيش الإسرائيلي: استهدفنا بغارات جوية وقصف مدفعي منصة الصواريخ التي استخدمت لقصف خليج حيفا,Real
307,2024-11-25,AJPalestine,المرشد الإيراني: الإبادة الجماعية جريمة حرب وأمر اعتقال نتنياهو ليس كا,المرشد الإيراني: الإبادة الجماعية جريمة حرب وأمر اعتقال نتنياهو ليس كافيا بل يجب إصدار حكم بالإعدام عليه,Real
308,2024-11-07,Misbar,المشهدان ليسا لاستهداف المقاومة مدينة حديثا وقد نشرا عبر وسائل إعلام على أنهما ل,المشهدان ليسا لاستهداف المقاومة مدينة حديثا وقد نشرا عبر وسائل إعلام على أنهما للحظة شن الجيش الإسرائيلي غارات جوية على مدينة جنوبي لبنان في 28 أكتوبر 2024 للمزيد,Fake
309,2024-12-15,Misbar,كشف أن الصورة تعود إلى أغسطس 2008 وتظهر رتلا من المركبات المدرعة الروسية يتحرك ب,كشف أن الصورة تعود إلى أغسطس 2008 وتظهر رتلا من المركبات المدرعة الروسية يتحرك باتجاه أوسيتيا الشمالية الروسية على مشارف تسخينفالي في إقليم أوسيتيا الجنوبية المنفصل عن جورجيا كجزء من اتفاق وقف إطلاق النار اقرأ المزيد,Fake
310,2024-11-02,AJPalestine,عاجل | الجبهة الداخلية الإسرائيلية,عاجل | الجبهة الداخلية الإسرائيلية: دوي صفارات الإنذار متواصل في مدينة نهاريا ومحيطها بعد الاشتباه بتسلل مسيرة,Real
311,2024-11-10,Misbar,تصريح منسوب لأبو تريكة قرارات قطر بشأن حماس شأن داخلي ونحن نركز على الرياضة فقط,تصريح منسوب لأبو تريكة قرارات قطر بشأن حماس شأن داخلي ونحن نركز على الرياضة فقط شاهد حقيقة التصريح,Fake
312,2024-11-04,AJPalestine,عاجل | مراسل #الجزيرة,عاجل | مراسل #الجزيرة: مشروع القرار يطالب الأطراف بالتنفيذ الكامل لأحكام قرار مجلس الأمن 2735 دون قيد أو شرط أو تأخير,Real
313,2024-12-06,Misbar,الفيديو يعود إلى اشتباكات جرت بين وقوات في يونيو الفائت ولم يتسن لـ التثبت بشكل,الفيديو يعود إلى اشتباكات جرت بين وقوات في يونيو الفائت ولم يتسن لـ التثبت بشكل قاطع من تاريخ ومكان التقاط الفيديو إلا أن المؤكد أنه ليس من المعارك الجارية في شمالي تفاصيل أوفى,Fake
314,2024-11-17,AJPalestine,عاجل | مراسل #الجزيرة,عاجل | مراسل #الجزيرة: انفجارات في محيط مستوطنة مرغليوت بإصبع الجليل,Real
315,2024-11-20,AJPalestine,"عاجل | ""حـ.ـزب الله""","عاجل | ""حـ.ـزب الله"": - ""قصفنا بالصواريخ قاعدة شراغا شمالي مدينة عكا المحتلة"" - ""قصفنا بالصواريخ تجمعا لجنود العدو الإسرائيلي في مستوطنة أفيفيم"" - ""قصفنا تجمعا لجنود العدو الإسرائيلي عند بوابة العمرا جنوبي مدينة الخيام"" - ""قصفنا بالصواريخ تجمعا لجنود العدو الإسرائيلي جنوبي مدينة الخيام""",Real
316,2024-11-06,AJPalestine,"عاجل | ""غرفة عمليات المقاومـ.ـة في #لبنان","عاجل | ""غرفة عمليات المقاومـ.ـة في #لبنان: - ""على المستوطنين الذين أنذروا بإخلاء مستوطناتهم عدم العودة لتحولها لأهداف عسكرية"" - ""أجبرنا العدو على المراوحة عند قرى الحافة الأمامية ومنعها الاقتراب من الليطاني"" - ""إنجاز الجيش الإسرائيلي الوحيد بريا هو فقط تدمير البيوت والبنى التحتية المدنية"" - ""المقاومة رتبت هيكليتها وزادت إطلاق الصواريخ والمسيرات على الكيان حتى تل أبيب""",Real
317,2024-11-14,AJPalestine,وزيرة الاستيطان الإسرائيلية أوريت ستروك:,وزيرة الاستيطان الإسرائيلية أوريت ستروك: - لا ينبغي أن نضع استراتيجية للخروج من غزة - نعمل على قدم وساق لإعلان السيادة على أكبر مساحة ممكنة من الضفة,Real
318,2024-11-01,AJPalestine,عاجل | رئاسة الوزراء البريطانية,عاجل | رئاسة الوزراء البريطانية: رئيس الوزراء يثني على قيادة #الدوحة لمساعي وقف إطلاق النار وإطلاق سراح الرهائن بغزة,Real
319,2024-11-22,AJPalestine,البيت الأبيض:,البيت الأبيض: - الولايات المتحدة ترفض قرار المحكمة الجنائية الدولية بإصدار أوامر اعتقال لمسؤولين إسرائيليين كبار - قلقون للغاية إزاء اندفاع الادعاء في السعي للحصول على أوامر اعتقال بحق المسؤولين الإسرائيليين - الولايات المتحدة أوضحت أن المحكمة الجنائية الدولية ليس لديها سلطة قضائية بشأن هذه المسألة #الجزيرة,Real
320,2024-11-04,AJPalestine,عاجل | الخارجية الأمريكية,عاجل | الخارجية الأمريكية: من المهم أن تقوم السلطات الإسرائيلية بردع عنف المستوطنين,Real
321,2024-11-10,AJPalestine,عاجل | حزب الله,عاجل | حزب الله: اشتبكنا مع قوة متسللة عند الأطراف الجنوبية الغربية لبلدة عيترون وأوقعنا أفرادها بين قتيل وجريح,Real
322,2024-11-03,AJPalestine,عاجل | هيئة البث الإسرائيلية,عاجل | هيئة البث الإسرائيلية: نتنياهو زار الحدود مع #لبنان اليوم,Real
323,2024-11-11,AJPalestine,عاجل | ولي العهد السعودي,عاجل | ولي العهد السعودي: - نجدد رفضنا الإبادة الجماعية التي ترتكبها إسرائيل ضد الشعب الفلسطيني الشقيق - إمعان إسرائيل في عدوانها على الشعب الفلسطيني يعوق جهود السلام - نرفض الهجمات على الأراضي الإيرانية - نؤكد ضرورة مواصلة الجهود المشتركة لإقامة دولة فلسطينية على حدود 67 وعاصمتها القدس الشرقية,Real
324,2024-11-02,AJPalestine,عاجل | إذاعة الجيش الإسرائيلي عن مصدر عسكري,عاجل | إذاعة الجيش الإسرائيلي عن مصدر عسكري: مقتل جندي في معارك شمالي قطاع غزة,Real
325,2024-11-08,AJPalestine,الخارجية الأمريكية:,الخارجية الأمريكية: - سنواصل سياساتنا الساعية لإنهاء الحرب في غزة ولبنان - نواصل المحادثات مع الوسطاء لإيجاد صيغة مناسبة لوقف إطلاق النار والخروج من حالة الجمود #الجزيرة,Real
326,2024-11-09,AJPalestine,"""شدي حيلك يا بلدنا"".. عبارات ورسومات خطت على خيام النازحين داخل ملعب ا","""شدي حيلك يا بلدنا"".. عبارات ورسومات خطت على خيام النازحين داخل ملعب اليرموك غربي مدينة غزة #حرب_غزة",Real
327,2024-11-08,AJPalestine,أصيب فيها 10 إسرائيليين وفُقد الاتصال بثمانية.. اشتباكات بين مؤيدين لف,"أصيب فيها 10 إسرائيليين وفُقد الاتصال بثمانية.. اشتباكات بين مؤيدين لفلسطين ومشجعين لفريق ""مكابي تل أبيب""، بدأت بعدما أقدم مشجعون إسرائيليون على تمزيق علم فلسطيني وتوجيه كلمات نابية وترديد شعارات معادية للعرب والفلسطينيين، كما استفزوا سائقي سيارات أجرة هولنديين من أصل عربي #حرب_غزة #الأخبار",Real
328,2024-11-03,AJPalestine,عاجل | إذاعة الجيش الإسرائيلي عن مصدر عسكري,عاجل | إذاعة الجيش الإسرائيلي عن مصدر عسكري: مروحيات عسكرية تشارك في محاولة اعتراض مسيرة تسللت من #لبنان,Real
329,2024-11-01,AJPalestine,وسط نزوح عدد كبير من الأهالي.. قصف جوي ومدفعي متواصل على المخيم الجديد,وسط نزوح عدد كبير من الأهالي.. قصف جوي ومدفعي متواصل على المخيم الجديد في النصيرات وسط قطاع غزة #الجزيرة #فيديو,Real
330,2024-11-07,AJPalestine,الاحتلال خلال زيارته الضفة الغربية,"""الوضع هنا أشبه بالموت"".. نائب أوروبي يوثق مظاهر الاحتلال خلال زيارته الضفة الغربية #الجزيرة #فيديو",Real
331,2024-12-07,Misbar,نشرت مواقع سورية الصورة في يونيو عام 2022 وقالت إنها لأرتال من قوات فصيل حركة أح,نشرت مواقع سورية الصورة في يونيو عام 2022 وقالت إنها لأرتال من قوات فصيل حركة أحرار الشام خلال دخولها مدينة عفرين شمال غربي محافظة بالتزامن مع اشتباكات مع قوة من جيش النظام السوري حينها للمزيد من التفاصيل,Fake
332,2024-11-29,AJPalestine,الدفاع المدني بغزة: انتشال جثامين 3 شهداء وإنقاذ 5 مصابين إثر قصف استه,الدفاع المدني بغزة: انتشال جثامين 3 شهداء وإنقاذ 5 مصابين إثر قصف استهدف منزلا بشارع الوحدة غربي مدينة غزة,Real
333,2024-11-10,AJPalestine,يديعوت أحرونوت تقول إن نتنياهو يواجه عاصفة للاشتباه بتغييره بروتوكولا,يديعوت أحرونوت تقول إن نتنياهو يواجه عاصفة للاشتباه بتغييره بروتوكولا في نقاش سري.. جانب من تغطية الصحافة الدولية للتصعيد الإسرائيلي في الشرق الأوسط وتداعياته #حرب_غزة #الأخبار,Real
334,2024-11-04,AJPalestine,عاجل | إذاعة الجيش عن والد الرقيب إيتاي تشين الذي اختطف,عاجل | إذاعة الجيش عن والد الرقيب إيتاي تشين الذي اختطفت جثته بغزة تعليقا على التسريبات: نمر بحرب نفسية بسبب الحكومة,Real
335,2024-11-04,AJPalestine,عاجل | مدير مستشفى كمال عدوان للجزيرة,عاجل | مدير مستشفى كمال عدوان للجزيرة: الوضع كارثي والقصف متواصل ولا نعلم ما يريده الاحتلال منا,Real
336,2024-11-08,AJPalestine,الاحتلال تحاصر مناطق شمالي قطاع غزة لليوم الـ35 وسط قصف مدف,مراسل #الجزيرة: - قوات الاحتلال تحاصر مناطق شمالي قطاع غزة لليوم الـ35 وسط قصف مدفعي متواصل - عشرات جثامين الشهداء لم تنتشل بعد من مناطق شمالي القطاع بسبب حظر الاحتلال عمل الدفاع المدني,Real
337,2024-12-01,Misbar,نشرت الصورة مواقع إخبارية وصفحات تابعة لجيش النظام السوري على أنها تعود لشخص يلق,نشرت الصورة مواقع إخبارية وصفحات تابعة لجيش النظام السوري على أنها تعود لشخص يلقب بـأبو القعقاع التوحيدي قتل عام 2015 خلال قصف جوي نفذه جيش النظام آنذاك هنا التفاصيل كاملة,Fake
338,2024-11-01,Misbar,منذ اندلاع الحرب على غزة يتواصل توثيق فظائع الاحتلال التي أودت بحياة أكثر من 43,منذ اندلاع الحرب على غزة يتواصل توثيق فظائع الاحتلال التي أودت بحياة أكثر من 43 ألف فلسطيني إلى الآن لكن احذروا بعض الصور والمشاهد المتداولة تنسب خطأ لمعاناة الفلسطينيين مما يخدم الرواية الإسرائيلية فكيف ذلك تجدون كامل التفاصيل عبر رابط مقال الآتي,Fake
339,2024-12-09,Misbar,تقرير بعنوان تشعر وكأنك دون البشر الإبادة الجماعية الإسرائيلية ضد الفلسطينيين في,تقرير بعنوان تشعر وكأنك دون البشر الإبادة الجماعية الإسرائيلية ضد الفلسطينيين في غزة وسائل إعلام دولية تنحاز لإسرائيل وتشكك في تقرير العفو الدولية يطلعكم على التفاصيل هنا,Fake
340,2024-12-27,Misbar,الفيديو من تغطية خاصة لقناة التلفزيون العربي بتاريخ 11 مايو 2021 لحريق ضخم في خز,الفيديو من تغطية خاصة لقناة التلفزيون العربي بتاريخ 11 مايو 2021 لحريق ضخم في خزان للوقود في بعد استهدافه بصواريخ المقاومة تفاصيل أوفى,Fake
341,2024-11-03,AJPalestine,عاجل | وزارة الصحة اللبنانية,عاجل | وزارة الصحة اللبنانية: 2986 شهيدا و13402 من المصابين منذ بدء العدوان الإسرائيلي على البلاد,Real
342,2024-11-28,Misbar,مصادر روسية نشرت الفيديو عام 2014 على أنه لإطلاق صواريخ ضخمة خلال اشتباكات مع ال,مصادر روسية نشرت الفيديو عام 2014 على أنه لإطلاق صواريخ ضخمة خلال اشتباكات مع الحركات الانفصالية في دونيتسك على الحدود الروسية الأوكرانية آنذاك اقرأ أكثر,Fake
343,2024-11-29,AJPalestine,عاجل | مراسل #الجزيرة,عاجل | مراسل #الجزيرة: سيارات الإسعاف وفرق الإنقاذ لم تستطع الوصول لمكان المجزرتين ببيت لاهيا بسبب منع الاحتلال,Real
344,2024-12-31,Misbar,نشرت وسائل الإعلام مقطع الفيديو المتداول بتاريخ 17 نوفمبر 2016 على أنه لاشتباكات,نشرت وسائل الإعلام مقطع الفيديو المتداول بتاريخ 17 نوفمبر 2016 على أنه لاشتباكات عنيفة بين الجيش اليمني من جهة ومقاتلي جماعة وقوات الرئيس السابق علي عبدالله صالح من جهة أخرى في منطقة المستشفى العسكري بمدينة للمزيد,Fake
345,2024-11-28,AJPalestine,عاجل | رئيس الوزراء البلجيكي,عاجل | رئيس الوزراء البلجيكي: سننفذ قرار اعتقال نتنياهو الصادر من الجنائية الدولية إذا جاء إلى بلادنا,Real
346,2024-12-01,Misbar,نشرت حسابات على موقع يوتيوب مقطع الفيديو في أغسطس عام 2013 للحظة سقوط برميل متفج,نشرت حسابات على موقع يوتيوب مقطع الفيديو في أغسطس عام 2013 للحظة سقوط برميل متفجر على عناصر من قوات المعارضة في منطقة جبل الزاوية في بلدة سلمى في ريف اللاذقية خلال اشتباكات مع قوات جيش النظام السوري حينها اقرأ أكثر,Fake
347,2024-11-10,AJPalestine,عاجل | القناة 12 الإسرائيلية عن مصادر مطلعة,عاجل | القناة 12 الإسرائيلية عن مصادر مطلعة: تقدم نحو التوصل إلى تسوية مع #لبنان,Real
348,2024-11-16,AJPalestine,عاجل | موقع واللا,عاجل | موقع واللا: سكان مدينتي عكا وحيفا يبلغون عن دوي انفجارات عنيفة,Real
349,2024-11-05,AJPalestine,"""ماما ليش قصفوا ألعابي؟"".. تروي عائلة فلسطينية من جباليا معاناتهم بعدم","""ماما ليش قصفوا ألعابي؟"".. تروي عائلة فلسطينية من جباليا معاناتهم بعدما فقدوا بعضهم وسط الزحام على الحاجز، وتأثر طفلتهم الصغيرة جوليا نفسيًا مما شاهدته من عنف ودمار #من_غزة",Real
350,2024-11-10,Misbar,تبين لـ أن الفيديو ليس بعد الأخيرة وهو لمسيرة بالدراجات النارية خلال مظاهرة داعم,تبين لـ أن الفيديو ليس بعد الأخيرة وهو لمسيرة بالدراجات النارية خلال مظاهرة داعمة لـ وفلسطين بمدينة الهولندية في أكتوبر الفائت اقرأ المزيد,Fake
351,2024-11-29,AJPalestine,عاجل | مصادر طبية للجزيرة,عاجل | مصادر طبية للجزيرة: 45 شهيدا في غارات إسرائيلية على قطاع غزة منذ فجر اليوم 21 منهم شمالي القطاع,Real
352,2024-12-30,Misbar,تبين لـ أن الفيديو من سوريا عام 2014 وليس لقصف إسرائيلي على غزة حديثا تنويه المو,تبين لـ أن الفيديو من سوريا عام 2014 وليس لقصف إسرائيلي على غزة حديثا تنويه الموسيقى من المصدر,Fake
353,2024-11-01,AJPalestine,عاجل | القناة 12 الإسرائيلية بشأن التسريبات,عاجل | القناة 12 الإسرائيلية بشأن التسريبات: نتنياهو نفى علاقته بالمشتبه به رغم أنه كان مستعدا للمخاطرة بنفسه من أجله,Real
354,2024-11-24,AJPalestine,عاجل | مراسل #الجزيرة,عاجل | مراسل #الجزيرة: قصف مدفعي إسرائيلي على الحي الشمالي في بلدة الخيام جنوبي #لبنان,Real
355,2024-11-15,AJPalestine,"كتائب القسـ.ـام: ""استهداف آليات العدو في محاور التوغل شمال وغرب مدينة","كتائب القسـ.ـام: ""استهداف آليات العدو في محاور التوغل شمال وغرب مدينة بيت لاهيا شمال قطاع غزة"" #الجزيرة #فيديو",Real
356,2024-11-21,AJPalestine,الجيش الإسرائيلي,الجيش الإسرائيلي: مقتل جندي برتبة رقيب أول من كتيبة تسبار في معارك شمال قطاع غزة #الجزيرة,Real
357,2024-11-25,AJPalestine,الاحتلال الإسرائيلي صارت تستخدم في هجماتها هناك تكتيكات مما,حذرت صحيفة نيويورك تايمز من أن قوات الاحتلال الإسرائيلي صارت تستخدم في هجماتها هناك تكتيكات مماثلة لما تنفذه في قطاع غزة #رقمي #حرب_غزة,Real
358,2024-11-04,AJPalestine,عاجل | الجيش الإسرائيلي,عاجل | الجيش الإسرائيلي: اعترضنا مسيرة انقضاضية تسللت من #لبنان باتجاه الجليل الغربي,Real
359,2024-11-04,AJPalestine,عاجل | الجيش الإسرائيلي,عاجل | الجيش الإسرائيلي: استهدفنا هيئة الاستخبارات التابعة لحزب الله في #دمشق,Real
360,2024-11-17,AJPalestine,عاجل | إذاعة الجيش الإسرائيلي,عاجل | إذاعة الجيش الإسرائيلي: محمد عفيف مسؤول العلاقات الإعلامية في #حزب_الله كان هدف عملية الاغتيال ببيروت,Real
361,2024-11-22,AJPalestine,عاجل | مراسل #الجزيرة,عاجل | مراسل #الجزيرة: غارتان إسرائيليتان على بلدة الناقورة في قضاء صور جنوبي #لبنان,Real
362,2024-12-02,Misbar,هل هو العلم الفلسطيني فعلا فسر البعض أن قوات المعارضة السورية قامت بإنزال وحرق ا,هل هو العلم الفلسطيني فعلا فسر البعض أن قوات المعارضة السورية قامت بإنزال وحرق العلم الفلسطيني في هذا الفيديو,Fake
363,2024-12-10,Misbar,آثار الجوع ونقص التغذية على لاجئ فلسطيني في مخيم اليرموك للاجئين الفلسطينيين جنو,آثار الجوع ونقص التغذية على لاجئ فلسطيني في مخيم اليرموك للاجئين الفلسطينيين جنوب بسبب الجوع الناجم عن الحصار الذي فرضته قوات نظام في يناير عام 2014 هنا التفاصيل,Fake
364,2024-11-02,AJPalestine,عاجل | مراسل #الجزيرة,عاجل | مراسل #الجزيرة: شهداء ومصابون فى قصف إسرائيلي على مدخل مخيم البريج وسط قطاع غزة,Real
365,2024-11-21,AJPalestine,عشرات الشهداء معظمهم أطفال ونساء إثر تدمير حي سكني في محيط مستشفى كمال,عشرات الشهداء معظمهم أطفال ونساء إثر تدمير حي سكني في محيط مستشفى كمال عدوان شمال قطاع غزة.. مراسل الجزيرة أنس الشريف ينقل لنا التفاصيل #حرب_غزة #الأخبار,Real
366,2024-11-12,AJPalestine,عاجل | الجبهة الداخلية الإسرائيلية,عاجل | الجبهة الداخلية الإسرائيلية: صفارات الإنذار تدوي في تل أبيب ومحيطها,Real
367,2024-11-27,AJPalestine,الجيش خلال عمليته على لبنان #حرب_غزة #فيديو,شاب لبناني يقوم بإزالة علم إسرائيل من إحدى بلدات الجنوب التي توغل فيها الجيش خلال عمليته على لبنان #حرب_غزة #فيديو,Real
368,2024-11-03,AJPalestine,عاجل | اليونيسف,عاجل | اليونيسف: مقتل أكثر من 50 طفلا في جباليا شمال غزة في الـ 48 ساعة الماضية بعد تدمير القصف مبنيين يؤويان المئات,Real
369,2024-12-04,Misbar,يضم الفيديو المتداول مجموعة من المشاهد نشرت عام 2017 على أنها لأبرز الغارات التي,يضم الفيديو المتداول مجموعة من المشاهد نشرت عام 2017 على أنها لأبرز الغارات التي نفذها الطيران الروسي والسوري بالصواريخ المحمولة بالمظلات على بلدة اللطامنة في ريف حماة الشمالي في إبريل من العام ذاته اقرأ تحقق,Fake
370,2024-12-09,Misbar,الفيديو لمشاهد نشرتها شبكة قدس الإخبارية في 14 نوفمبر الفائت لأسير فلسطيني اسمه,الفيديو لمشاهد نشرتها شبكة قدس الإخبارية في 14 نوفمبر الفائت لأسير فلسطيني اسمه سامي غنيم بعد خروجه من السجون الإسرائيلية وذهب لزيارة قبري ابنيه في بلدة برقين غرب جنين عقب خروجه من المعتقل تفاصيل أوفى,Fake
371,2024-11-22,AJPalestine,عاجل | القناة 12 الإسرائيلية,عاجل | القناة 12 الإسرائيلية: إسرائيل ترفض أي دور لفرنسا في تسوية مع #لبنان بسبب مواقف إدارة ماكرون المناهضة لإسرائيل,Real
372,2024-11-10,AJPalestine,الاحتلال تنزل علم فلسطين بعد رفعه في أحد أحياء مدينة القدس,شرطة الاحتلال تنزل علم فلسطين بعد رفعه في أحد أحياء مدينة القدس #فيديو #حرب_غزة,Real
373,2024-11-28,AJPalestine,ما الذي دفع إسرائيل للبحث عن مخرج سياسي لحربها في لبنان؟ | تقرير: إليا,ما الذي دفع إسرائيل للبحث عن مخرج سياسي لحربها في لبنان؟ | تقرير: إلياس كرام #الأخبار #حرب_غزة,Real
374,2024-11-19,Misbar,الفيديو المتداول يعود إلى الأول من أكتوبر الفائت وهو للحظة سقوط أحد الصواريخ الإ,الفيديو المتداول يعود إلى الأول من أكتوبر الفائت وهو للحظة سقوط أحد الصواريخ الإيرانية قرب مركز أيالون التجاري وسط خلال هجوم إيران الثاني على إسرائيل حينها للمزيد,Fake
375,2024-11-10,AJPalestine,يحاكي هذا التقرير العملية التي أعلنت عنها كتائـ.ـب القسـ.ـام وقالت إن,يحاكي هذا التقرير العملية التي أعلنت عنها كتائـ.ـب القسـ.ـام وقالت إن مقاتليها أجهزوا من المسافة صفر على قوة إسرائيلية راجلة قوامها 15 جنديا شمال بيت لاهيا شمالي قطاع غزة | تقرير: وليد العطار #الأخبار #حرب_غزة,Real
376,2024-11-05,AJPalestine,عاجل | يسرائيل هيوم,عاجل | يسرائيل هيوم: مظاهرة قرب مقر إقامة نتنياهو في القدس احتجاجا على إقالة غالانت,Real
377,2024-11-01,AJPalestine,عاجل | أكسيوس,عاجل | أكسيوس: الاعتقالات تأتي في قلب ما يرجح أن يكون أكبر فضيحة داخل الحكومة الإسرائيلية منذ بداية الحرب في غزة,Real
378,2024-11-20,AJPalestine,"حـ.ـزب الله يستهداف طائرة مسيّرة تابعة للجيش الإسرائيلي من نوع ""هرمز 4","حـ.ـزب الله يستهداف طائرة مسيّرة تابعة للجيش الإسرائيلي من نوع ""هرمز 450 - زیك"" ويسقطها #حرب_غزة #لبنان",Real
379,2024-11-10,AJPalestine,عاجل | مصادر للجزيرة,عاجل | مصادر للجزيرة: مستوطنون يهاجمون المواطنين ومنازلهم في قرية باشوف في محافظة سلفيت جنوب نابلس,Real
380,2024-11-05,AJPalestine,الاحتلال بحق عدد من العائلات في البلدة ليلة أمس,صباح حزين.. أهالي بيت لاهيا شمال غزة يودعون شـ.ـهداء المجازر الجماعية التي ارتكبها الاحتلال بحق عدد من العائلات في البلدة ليلة أمس #حرب_غزة #ألبوم,Real
381,2024-11-10,AJPalestine,عاجل | الإذاعة الإسرائيلية الرسمية,عاجل | الإذاعة الإسرائيلية الرسمية: إصابة عدة أشخاص بإطلاق صاروخ مضاد للدروع على بلدة المطلة في الجليل الأعلى,Real
382,2024-11-18,AJPalestine,الاحتلال خلال اقتحام حي المساكن الشعبية شرقي نابلس #حرب_غزة,عائلة الشهيد نور عرفات تلقي نظرة الوداع الأخيرة على جثمانه بعدما قضى برصاص الاحتلال خلال اقتحام حي المساكن الشعبية شرقي نابلس #حرب_غزة #فيديو,Real
383,2024-11-11,AJPalestine,عاجل | المتحدث باسم الحكومة العراقية للجزيرة,عاجل | المتحدث باسم الحكومة العراقية للجزيرة: نعمل على ضبط الاجتهادات الشخصية والحد من ردود الفعل في #العراق,Real
384,2024-11-23,AJPalestine,عاجل | القسـ.ـام,"عاجل | القسـ.ـام: ""استهدفنا ناقلة جند صهـ.ـيونية من نوع نمر في شارع الشهيد أحمد ياسين بمنطقة الصفطاوي شمال مدينة غزة"" #الجزيرة",Real
385,2024-11-02,AJPalestine,عاجل | مراسل #الجزيرة,عاجل | مراسل #الجزيرة: 5 شهداء ومصابون فى قصف إسرائيلي على مجموعة من المواطنين على مدخل مخيم البريج وسط قطاع غزة,Real
386,2024-11-16,AJPalestine,المرشح لمنصب سفير واشنطن بإسرائيل مايك هاكابي: تطبيق السيادة على الضفة,المرشح لمنصب سفير واشنطن بإسرائيل مايك هاكابي: تطبيق السيادة على الضفة الغربية هو قرار تتخذه إسرائيل وليس للولايات المتحدة أن تفرضه عليها، ولا يوجد رئيس في التاريخ أكثر تأييداً لإسرائيل من ترمب #الأخبار,Real
387,2025-01-06,Misbar,يعود الفيديو لإعدام العنصر السابق في قوات إبراهيم محمد حمشو في حلب يوم 2 يناير ا,يعود الفيديو لإعدام العنصر السابق في قوات إبراهيم محمد حمشو في حلب يوم 2 يناير الجاري وأكدت مصادر محلية لمسبار أن حمشو تمكن من الهرب من أحد سجون الجبهة الشامية في مدينة الباب وقتل قيادي يدعى عبد القادر النجار قبل القبض عليه وإعدامه شنقا,Fake
388,2024-11-21,AJPalestine,عاجل | الجيش الإسرائيلي,عاجل | الجيش الإسرائيلي: مقتل جندي من لواء غولاني في المعارك بجنوب #لبنان عاجل | وسائل إعلام إسرائيلية: الجندي قتل في اشتباك مع عناصر من #حزب_الله في الموقع الذي قتل فيه عالم الآثار أمس,Real
389,2024-12-29,Misbar,الصورة من كواليس برنامج المفتاح العراقي عام 2013 وليست لاعتقال ضابط سوري سابق مت,الصورة من كواليس برنامج المفتاح العراقي عام 2013 وليست لاعتقال ضابط سوري سابق متنكرا بزي نسائي تفاصيل أوفى,Fake
390,2024-11-15,AJPalestine,الاحتلال تقتحم مناطق عدة بالضفة الغربية ومستوطنون يعتدون عل,قوات الاحتلال تقتحم مناطق عدة بالضفة الغربية ومستوطنون يعتدون على مزارعين فلسطينيين #الأخبار #حرب_غزة,Real
391,2024-11-04,AJPalestine,عاجل | مراسل #الجزيرة,عاجل | مراسل #الجزيرة: شهداء ومصابون في غارة إسرائيلية على منزل في شارع المنشية في بيت لاهيا شمالي قطاع غزة,Real
392,2024-11-26,AJPalestine,عاجل | القناة 12 الإسرائيلية,عاجل | القناة 12 الإسرائيلية: الطاقم الوزاري الأمني المصغر يصدق على اتفاق وقف إطلاق النار مع #لبنان,Real
393,2024-11-02,AJPalestine,عاجل | الصحة اللبنانية,عاجل | الصحة اللبنانية: شهيد و15 مصابا في الغارة الإسرائيلية التي استهدفت منطقة غاليري سمعان في الضاحية الجنوبية,Real
394,2024-11-19,Misbar,ديبانك بوت روبوت دردشة جديد لمكافحة انتشار التضليل ماذا أجاب عن نظرية المؤامرة ا,ديبانك بوت روبوت دردشة جديد لمكافحة انتشار التضليل ماذا أجاب عن نظرية المؤامرة المتعلقة بفايروس وما ادعاؤه حول أحقية أرض فلسطين اختبر الروبوت بإخضاعه لمجموعة من نظريات المؤامرة الشائعة التي سبق لمسبار دحضها وتفنيدها التفاصيل,Fake
395,2024-11-30,AJPalestine,"حمـ.ـاس: ""نطالب بتشكيل لجنة دولية للتحقيق في استخدام إسرائيل أسلحة محر","حمـ.ـاس: ""نطالب بتشكيل لجنة دولية للتحقيق في استخدام إسرائيل أسلحة محرمة دوليا شمال غزة تؤدي إلى تبخر الجثث"" #الجزيرة",Real
396,2024-12-18,Misbar,الفيديو يظهر الإعلامي الرياضي سيف زاهر وهو يعلن عن نقل اللاعب إلى المستشفى لإجرا,الفيديو يظهر الإعلامي الرياضي سيف زاهر وهو يعلن عن نقل اللاعب إلى المستشفى لإجراء فحوصات طبية عاجلة بسبب معاناته من هبوط وشعور بالتعب في 30 سبتمبر الفائت التفاصيل كاملة,Fake
397,2024-11-05,AJPalestine,الاحتلال في منع دخول المساعدات.. مراسل #الجزيرة أنس الشريف,الدفاع المدني في #غزة: مقبلون على مجاعة حقيقية في شمال القطاع بسبب إمعان الاحتلال في منع دخول المساعدات.. مراسل #الجزيرة أنس الشريف يرصد التفاصيل من القطاع #حرب_غزة #الأخبار,Real
398,2024-11-17,AJPalestine,عاجل | مراسل #الجزيرة,عاجل | مراسل #الجزيرة : قصف إسرائيلي بقذائف حارقة على بلدة الخيام في جنوب #لبنان,Real
399,2024-11-28,AJPalestine,استشهاد 12 فلسطينيا وإصابة آخرين بينهم نساء وأطفال إثر غارة إسرائيلية,استشهاد 12 فلسطينيا وإصابة آخرين بينهم نساء وأطفال إثر غارة إسرائيلية استهدفت مدرسة التابعين بحي الدرج وسط مدينة غزة | تقرير: أنس الشريف #الأخبار #حرب_غزة,Real
400,2024-11-20,AJPalestine,عاجل | الجيش الإسرائيلي,عاجل | الجيش الإسرائيلي: مقتل جندي آخر في المعارك جنوب #لبنان,Real
